"Index","Date","Accidents"
"1",2005-01-01,308
"2",2005-01-02,306
"3",2005-01-03,293
"4",2005-01-04,473
"5",2005-01-05,523
"6",2005-01-06,553
"7",2005-01-07,510
"8",2005-01-08,439
"9",2005-01-09,357
"10",2005-01-10,523
"11",2005-01-11,549
"12",2005-01-12,547
"13",2005-01-13,657
"14",2005-01-14,715
"15",2005-01-15,461
"16",2005-01-16,412
"17",2005-01-17,625
"18",2005-01-18,681
"19",2005-01-19,657
"20",2005-01-20,564
"21",2005-01-21,595
"22",2005-01-22,533
"23",2005-01-23,490
"24",2005-01-24,576
"25",2005-01-25,592
"26",2005-01-26,587
"27",2005-01-27,607
"28",2005-01-28,650
"29",2005-01-29,528
"30",2005-01-30,398
"31",2005-01-31,569
"32",2005-02-01,628
"33",2005-02-02,554
"34",2005-02-03,546
"35",2005-02-04,547
"36",2005-02-05,448
"37",2005-02-06,360
"38",2005-02-07,561
"39",2005-02-08,584
"40",2005-02-09,561
"41",2005-02-10,561
"42",2005-02-11,696
"43",2005-02-12,502
"44",2005-02-13,386
"45",2005-02-14,437
"46",2005-02-15,621
"47",2005-02-16,447
"48",2005-02-17,529
"49",2005-02-18,638
"50",2005-02-19,449
"51",2005-02-20,366
"52",2005-02-21,520
"53",2005-02-22,521
"54",2005-02-23,541
"55",2005-02-24,511
"56",2005-02-25,598
"57",2005-02-26,500
"58",2005-02-27,369
"59",2005-02-28,540
"60",2005-03-01,590
"61",2005-03-02,557
"62",2005-03-03,487
"63",2005-03-04,609
"64",2005-03-05,488
"65",2005-03-06,404
"66",2005-03-07,433
"67",2005-03-08,466
"68",2005-03-09,492
"69",2005-03-10,492
"70",2005-03-11,565
"71",2005-03-12,457
"72",2005-03-13,351
"73",2005-03-14,471
"74",2005-03-15,504
"75",2005-03-16,560
"76",2005-03-17,570
"77",2005-03-18,585
"78",2005-03-19,494
"79",2005-03-20,377
"80",2005-03-21,440
"81",2005-03-22,534
"82",2005-03-23,529
"83",2005-03-24,584
"84",2005-03-25,445
"85",2005-03-26,434
"86",2005-03-27,334
"87",2005-03-28,391
"88",2005-03-29,452
"89",2005-03-30,478
"90",2005-03-31,404
"91",2005-04-01,464
"92",2005-04-02,492
"93",2005-04-03,380
"94",2005-04-04,447
"95",2005-04-05,493
"96",2005-04-06,539
"97",2005-04-07,544
"98",2005-04-08,525
"99",2005-04-09,461
"100",2005-04-10,406
"101",2005-04-11,483
"102",2005-04-12,469
"103",2005-04-13,564
"104",2005-04-14,570
"105",2005-04-15,624
"106",2005-04-16,490
"107",2005-04-17,424
"108",2005-04-18,597
"109",2005-04-19,532
"110",2005-04-20,513
"111",2005-04-21,541
"112",2005-04-22,607
"113",2005-04-23,496
"114",2005-04-24,442
"115",2005-04-25,520
"116",2005-04-26,577
"117",2005-04-27,665
"118",2005-04-28,505
"119",2005-04-29,716
"120",2005-04-30,575
"121",2005-05-01,486
"122",2005-05-02,482
"123",2005-05-03,570
"124",2005-05-04,505
"125",2005-05-05,530
"126",2005-05-06,651
"127",2005-05-07,551
"128",2005-05-08,440
"129",2005-05-09,517
"130",2005-05-10,532
"131",2005-05-11,592
"132",2005-05-12,590
"133",2005-05-13,625
"134",2005-05-14,585
"135",2005-05-15,508
"136",2005-05-16,589
"137",2005-05-17,512
"138",2005-05-18,520
"139",2005-05-19,608
"140",2005-05-20,688
"141",2005-05-21,613
"142",2005-05-22,438
"143",2005-05-23,611
"144",2005-05-24,581
"145",2005-05-25,559
"146",2005-05-26,586
"147",2005-05-27,671
"148",2005-05-28,518
"149",2005-05-29,416
"150",2005-05-30,439
"151",2005-05-31,519
"152",2005-06-01,655
"153",2005-06-02,482
"154",2005-06-03,576
"155",2005-06-04,462
"156",2005-06-05,401
"157",2005-06-06,489
"158",2005-06-07,616
"159",2005-06-08,615
"160",2005-06-09,521
"161",2005-06-10,648
"162",2005-06-11,498
"163",2005-06-12,454
"164",2005-06-13,532
"165",2005-06-14,527
"166",2005-06-15,679
"167",2005-06-16,529
"168",2005-06-17,621
"169",2005-06-18,576
"170",2005-06-19,483
"171",2005-06-20,562
"172",2005-06-21,589
"173",2005-06-22,663
"174",2005-06-23,650
"175",2005-06-24,735
"176",2005-06-25,483
"177",2005-06-26,458
"178",2005-06-27,630
"179",2005-06-28,580
"180",2005-06-29,555
"181",2005-06-30,605
"182",2005-07-01,628
"183",2005-07-02,466
"184",2005-07-03,442
"185",2005-07-04,628
"186",2005-07-05,693
"187",2005-07-06,540
"188",2005-07-07,527
"189",2005-07-08,570
"190",2005-07-09,506
"191",2005-07-10,484
"192",2005-07-11,589
"193",2005-07-12,581
"194",2005-07-13,557
"195",2005-07-14,591
"196",2005-07-15,620
"197",2005-07-16,582
"198",2005-07-17,488
"199",2005-07-18,535
"200",2005-07-19,535
"201",2005-07-20,544
"202",2005-07-21,474
"203",2005-07-22,574
"204",2005-07-23,427
"205",2005-07-24,531
"206",2005-07-25,503
"207",2005-07-26,471
"208",2005-07-27,597
"209",2005-07-28,657
"210",2005-07-29,584
"211",2005-07-30,527
"212",2005-07-31,438
"213",2005-08-01,445
"214",2005-08-02,540
"215",2005-08-03,534
"216",2005-08-04,492
"217",2005-08-05,660
"218",2005-08-06,454
"219",2005-08-07,458
"220",2005-08-08,543
"221",2005-08-09,522
"222",2005-08-10,507
"223",2005-08-11,509
"224",2005-08-12,607
"225",2005-08-13,639
"226",2005-08-14,406
"227",2005-08-15,432
"228",2005-08-16,496
"229",2005-08-17,601
"230",2005-08-18,525
"231",2005-08-19,642
"232",2005-08-20,472
"233",2005-08-21,452
"234",2005-08-22,642
"235",2005-08-23,537
"236",2005-08-24,631
"237",2005-08-25,618
"238",2005-08-26,564
"239",2005-08-27,447
"240",2005-08-28,423
"241",2005-08-29,477
"242",2005-08-30,576
"243",2005-08-31,557
"244",2005-09-01,518
"245",2005-09-02,654
"246",2005-09-03,494
"247",2005-09-04,449
"248",2005-09-05,450
"249",2005-09-06,502
"250",2005-09-07,575
"251",2005-09-08,618
"252",2005-09-09,602
"253",2005-09-10,599
"254",2005-09-11,364
"255",2005-09-12,552
"256",2005-09-13,548
"257",2005-09-14,511
"258",2005-09-15,743
"259",2005-09-16,692
"260",2005-09-17,553
"261",2005-09-18,348
"262",2005-09-19,496
"263",2005-09-20,554
"264",2005-09-21,520
"265",2005-09-22,540
"266",2005-09-23,702
"267",2005-09-24,537
"268",2005-09-25,479
"269",2005-09-26,513
"270",2005-09-27,590
"271",2005-09-28,656
"272",2005-09-29,612
"273",2005-09-30,749
"274",2005-10-01,542
"275",2005-10-02,423
"276",2005-10-03,453
"277",2005-10-04,549
"278",2005-10-05,531
"279",2005-10-06,543
"280",2005-10-07,548
"281",2005-10-08,634
"282",2005-10-09,439
"283",2005-10-10,555
"284",2005-10-11,641
"285",2005-10-12,746
"286",2005-10-13,600
"287",2005-10-14,526
"288",2005-10-15,531
"289",2005-10-16,479
"290",2005-10-17,510
"291",2005-10-18,509
"292",2005-10-19,721
"293",2005-10-20,661
"294",2005-10-21,822
"295",2005-10-22,526
"296",2005-10-23,383
"297",2005-10-24,653
"298",2005-10-25,571
"299",2005-10-26,570
"300",2005-10-27,675
"301",2005-10-28,649
"302",2005-10-29,502
"303",2005-10-30,469
"304",2005-10-31,572
"305",2005-11-01,658
"306",2005-11-02,719
"307",2005-11-03,674
"308",2005-11-04,741
"309",2005-11-05,612
"310",2005-11-06,427
"311",2005-11-07,658
"312",2005-11-08,659
"313",2005-11-09,680
"314",2005-11-10,646
"315",2005-11-11,701
"316",2005-11-12,548
"317",2005-11-13,436
"318",2005-11-14,614
"319",2005-11-15,617
"320",2005-11-16,652
"321",2005-11-17,688
"322",2005-11-18,787
"323",2005-11-19,589
"324",2005-11-20,484
"325",2005-11-21,673
"326",2005-11-22,590
"327",2005-11-23,675
"328",2005-11-24,645
"329",2005-11-25,673
"330",2005-11-26,533
"331",2005-11-27,440
"332",2005-11-28,647
"333",2005-11-29,641
"334",2005-11-30,640
"335",2005-12-01,673
"336",2005-12-02,739
"337",2005-12-03,541
"338",2005-12-04,412
"339",2005-12-05,607
"340",2005-12-06,682
"341",2005-12-07,775
"342",2005-12-08,637
"343",2005-12-09,748
"344",2005-12-10,571
"345",2005-12-11,499
"346",2005-12-12,732
"347",2005-12-13,638
"348",2005-12-14,692
"349",2005-12-15,720
"350",2005-12-16,682
"351",2005-12-17,493
"352",2005-12-18,412
"353",2005-12-19,744
"354",2005-12-20,619
"355",2005-12-21,624
"356",2005-12-22,534
"357",2005-12-23,597
"358",2005-12-24,434
"359",2005-12-25,199
"360",2005-12-26,312
"361",2005-12-27,408
"362",2005-12-28,361
"363",2005-12-29,292
"364",2005-12-30,373
"365",2005-12-31,345
"366",2006-01-01,282
"367",2006-01-02,264
"368",2006-01-03,400
"369",2006-01-04,422
"370",2006-01-05,420
"371",2006-01-06,496
"372",2006-01-07,372
"373",2006-01-08,345
"374",2006-01-09,481
"375",2006-01-10,488
"376",2006-01-11,608
"377",2006-01-12,612
"378",2006-01-13,587
"379",2006-01-14,526
"380",2006-01-15,324
"381",2006-01-16,518
"382",2006-01-17,529
"383",2006-01-18,561
"384",2006-01-19,488
"385",2006-01-20,587
"386",2006-01-21,497
"387",2006-01-22,334
"388",2006-01-23,409
"389",2006-01-24,508
"390",2006-01-25,547
"391",2006-01-26,510
"392",2006-01-27,650
"393",2006-01-28,548
"394",2006-01-29,442
"395",2006-01-30,520
"396",2006-01-31,564
"397",2006-02-01,516
"398",2006-02-02,521
"399",2006-02-03,653
"400",2006-02-04,548
"401",2006-02-05,428
"402",2006-02-06,540
"403",2006-02-07,547
"404",2006-02-08,582
"405",2006-02-09,537
"406",2006-02-10,601
"407",2006-02-11,423
"408",2006-02-12,426
"409",2006-02-13,492
"410",2006-02-14,600
"411",2006-02-15,453
"412",2006-02-16,511
"413",2006-02-17,554
"414",2006-02-18,425
"415",2006-02-19,377
"416",2006-02-20,486
"417",2006-02-21,501
"418",2006-02-22,484
"419",2006-02-23,559
"420",2006-02-24,549
"421",2006-02-25,441
"422",2006-02-26,326
"423",2006-02-27,420
"424",2006-02-28,567
"425",2006-03-01,580
"426",2006-03-02,585
"427",2006-03-03,661
"428",2006-03-04,496
"429",2006-03-05,344
"430",2006-03-06,555
"431",2006-03-07,568
"432",2006-03-08,546
"433",2006-03-09,479
"434",2006-03-10,525
"435",2006-03-11,384
"436",2006-03-12,307
"437",2006-03-13,381
"438",2006-03-14,457
"439",2006-03-15,429
"440",2006-03-16,444
"441",2006-03-17,463
"442",2006-03-18,385
"443",2006-03-19,334
"444",2006-03-20,362
"445",2006-03-21,397
"446",2006-03-22,485
"447",2006-03-23,486
"448",2006-03-24,677
"449",2006-03-25,557
"450",2006-03-26,408
"451",2006-03-27,502
"452",2006-03-28,509
"453",2006-03-29,493
"454",2006-03-30,455
"455",2006-03-31,601
"456",2006-04-01,517
"457",2006-04-02,371
"458",2006-04-03,535
"459",2006-04-04,441
"460",2006-04-05,547
"461",2006-04-06,495
"462",2006-04-07,520
"463",2006-04-08,503
"464",2006-04-09,415
"465",2006-04-10,502
"466",2006-04-11,501
"467",2006-04-12,428
"468",2006-04-13,525
"469",2006-04-14,452
"470",2006-04-15,373
"471",2006-04-16,333
"472",2006-04-17,358
"473",2006-04-18,439
"474",2006-04-19,474
"475",2006-04-20,457
"476",2006-04-21,504
"477",2006-04-22,401
"478",2006-04-23,394
"479",2006-04-24,428
"480",2006-04-25,482
"481",2006-04-26,497
"482",2006-04-27,438
"483",2006-04-28,609
"484",2006-04-29,500
"485",2006-04-30,365
"486",2006-05-01,439
"487",2006-05-02,462
"488",2006-05-03,539
"489",2006-05-04,497
"490",2006-05-05,653
"491",2006-05-06,493
"492",2006-05-07,471
"493",2006-05-08,577
"494",2006-05-09,480
"495",2006-05-10,558
"496",2006-05-11,628
"497",2006-05-12,613
"498",2006-05-13,506
"499",2006-05-14,365
"500",2006-05-15,600
"501",2006-05-16,544
"502",2006-05-17,561
"503",2006-05-18,503
"504",2006-05-19,592
"505",2006-05-20,488
"506",2006-05-21,487
"507",2006-05-22,592
"508",2006-05-23,505
"509",2006-05-24,532
"510",2006-05-25,515
"511",2006-05-26,653
"512",2006-05-27,475
"513",2006-05-28,397
"514",2006-05-29,359
"515",2006-05-30,514
"516",2006-05-31,505
"517",2006-06-01,503
"518",2006-06-02,552
"519",2006-06-03,545
"520",2006-06-04,440
"521",2006-06-05,487
"522",2006-06-06,538
"523",2006-06-07,598
"524",2006-06-08,598
"525",2006-06-09,652
"526",2006-06-10,624
"527",2006-06-11,461
"528",2006-06-12,582
"529",2006-06-13,535
"530",2006-06-14,493
"531",2006-06-15,572
"532",2006-06-16,613
"533",2006-06-17,486
"534",2006-06-18,470
"535",2006-06-19,476
"536",2006-06-20,565
"537",2006-06-21,510
"538",2006-06-22,476
"539",2006-06-23,559
"540",2006-06-24,514
"541",2006-06-25,417
"542",2006-06-26,590
"543",2006-06-27,449
"544",2006-06-28,557
"545",2006-06-29,548
"546",2006-06-30,625
"547",2006-07-01,572
"548",2006-07-02,462
"549",2006-07-03,554
"550",2006-07-04,584
"551",2006-07-05,541
"552",2006-07-06,549
"553",2006-07-07,540
"554",2006-07-08,470
"555",2006-07-09,415
"556",2006-07-10,558
"557",2006-07-11,587
"558",2006-07-12,562
"559",2006-07-13,553
"560",2006-07-14,685
"561",2006-07-15,527
"562",2006-07-16,464
"563",2006-07-17,592
"564",2006-07-18,602
"565",2006-07-19,612
"566",2006-07-20,513
"567",2006-07-21,616
"568",2006-07-22,513
"569",2006-07-23,417
"570",2006-07-24,536
"571",2006-07-25,529
"572",2006-07-26,508
"573",2006-07-27,510
"574",2006-07-28,580
"575",2006-07-29,497
"576",2006-07-30,430
"577",2006-07-31,593
"578",2006-08-01,544
"579",2006-08-02,575
"580",2006-08-03,493
"581",2006-08-04,508
"582",2006-08-05,475
"583",2006-08-06,407
"584",2006-08-07,481
"585",2006-08-08,539
"586",2006-08-09,509
"587",2006-08-10,493
"588",2006-08-11,495
"589",2006-08-12,476
"590",2006-08-13,445
"591",2006-08-14,488
"592",2006-08-15,440
"593",2006-08-16,494
"594",2006-08-17,567
"595",2006-08-18,638
"596",2006-08-19,542
"597",2006-08-20,395
"598",2006-08-21,457
"599",2006-08-22,423
"600",2006-08-23,537
"601",2006-08-24,506
"602",2006-08-25,567
"603",2006-08-26,455
"604",2006-08-27,414
"605",2006-08-28,416
"606",2006-08-29,547
"607",2006-08-30,510
"608",2006-08-31,457
"609",2006-09-01,594
"610",2006-09-02,547
"611",2006-09-03,433
"612",2006-09-04,484
"613",2006-09-05,499
"614",2006-09-06,506
"615",2006-09-07,624
"616",2006-09-08,726
"617",2006-09-09,567
"618",2006-09-10,479
"619",2006-09-11,520
"620",2006-09-12,487
"621",2006-09-13,515
"622",2006-09-14,673
"623",2006-09-15,645
"624",2006-09-16,444
"625",2006-09-17,453
"626",2006-09-18,528
"627",2006-09-19,609
"628",2006-09-20,567
"629",2006-09-21,622
"630",2006-09-22,780
"631",2006-09-23,538
"632",2006-09-24,433
"633",2006-09-25,556
"634",2006-09-26,567
"635",2006-09-27,487
"636",2006-09-28,527
"637",2006-09-29,784
"638",2006-09-30,591
"639",2006-10-01,461
"640",2006-10-02,581
"641",2006-10-03,568
"642",2006-10-04,550
"643",2006-10-05,700
"644",2006-10-06,744
"645",2006-10-07,542
"646",2006-10-08,417
"647",2006-10-09,564
"648",2006-10-10,554
"649",2006-10-11,686
"650",2006-10-12,558
"651",2006-10-13,641
"652",2006-10-14,507
"653",2006-10-15,356
"654",2006-10-16,461
"655",2006-10-17,525
"656",2006-10-18,571
"657",2006-10-19,660
"658",2006-10-20,712
"659",2006-10-21,556
"660",2006-10-22,438
"661",2006-10-23,486
"662",2006-10-24,582
"663",2006-10-25,549
"664",2006-10-26,542
"665",2006-10-27,610
"666",2006-10-28,455
"667",2006-10-29,463
"668",2006-10-30,502
"669",2006-10-31,583
"670",2006-11-01,621
"671",2006-11-02,644
"672",2006-11-03,691
"673",2006-11-04,499
"674",2006-11-05,416
"675",2006-11-06,548
"676",2006-11-07,528
"677",2006-11-08,631
"678",2006-11-09,622
"679",2006-11-10,722
"680",2006-11-11,507
"681",2006-11-12,376
"682",2006-11-13,577
"683",2006-11-14,608
"684",2006-11-15,609
"685",2006-11-16,578
"686",2006-11-17,733
"687",2006-11-18,584
"688",2006-11-19,423
"689",2006-11-20,610
"690",2006-11-21,639
"691",2006-11-22,648
"692",2006-11-23,681
"693",2006-11-24,662
"694",2006-11-25,513
"695",2006-11-26,412
"696",2006-11-27,553
"697",2006-11-28,618
"698",2006-11-29,627
"699",2006-11-30,517
"700",2006-12-01,750
"701",2006-12-02,511
"702",2006-12-03,424
"703",2006-12-04,644
"704",2006-12-05,601
"705",2006-12-06,623
"706",2006-12-07,695
"707",2006-12-08,662
"708",2006-12-09,637
"709",2006-12-10,424
"710",2006-12-11,617
"711",2006-12-12,658
"712",2006-12-13,585
"713",2006-12-14,507
"714",2006-12-15,711
"715",2006-12-16,639
"716",2006-12-17,502
"717",2006-12-18,608
"718",2006-12-19,580
"719",2006-12-20,608
"720",2006-12-21,627
"721",2006-12-22,648
"722",2006-12-23,442
"723",2006-12-24,368
"724",2006-12-25,175
"725",2006-12-26,251
"726",2006-12-27,372
"727",2006-12-28,370
"728",2006-12-29,349
"729",2006-12-30,347
"730",2006-12-31,253
"731",2007-01-01,335
"732",2007-01-02,370
"733",2007-01-03,397
"734",2007-01-04,405
"735",2007-01-05,445
"736",2007-01-06,378
"737",2007-01-07,355
"738",2007-01-08,519
"739",2007-01-09,450
"740",2007-01-10,582
"741",2007-01-11,564
"742",2007-01-12,518
"743",2007-01-13,405
"744",2007-01-14,364
"745",2007-01-15,485
"746",2007-01-16,578
"747",2007-01-17,529
"748",2007-01-18,638
"749",2007-01-19,594
"750",2007-01-20,465
"751",2007-01-21,364
"752",2007-01-22,587
"753",2007-01-23,551
"754",2007-01-24,609
"755",2007-01-25,616
"756",2007-01-26,639
"757",2007-01-27,514
"758",2007-01-28,344
"759",2007-01-29,561
"760",2007-01-30,497
"761",2007-01-31,697
"762",2007-02-01,676
"763",2007-02-02,652
"764",2007-02-03,540
"765",2007-02-04,405
"766",2007-02-05,551
"767",2007-02-06,568
"768",2007-02-07,581
"769",2007-02-08,408
"770",2007-02-09,517
"771",2007-02-10,419
"772",2007-02-11,337
"773",2007-02-12,519
"774",2007-02-13,452
"775",2007-02-14,473
"776",2007-02-15,415
"777",2007-02-16,482
"778",2007-02-17,387
"779",2007-02-18,314
"780",2007-02-19,438
"781",2007-02-20,395
"782",2007-02-21,431
"783",2007-02-22,548
"784",2007-02-23,564
"785",2007-02-24,424
"786",2007-02-25,317
"787",2007-02-26,449
"788",2007-02-27,485
"789",2007-02-28,506
"790",2007-03-01,514
"791",2007-03-02,615
"792",2007-03-03,533
"793",2007-03-04,359
"794",2007-03-05,501
"795",2007-03-06,542
"796",2007-03-07,524
"797",2007-03-08,501
"798",2007-03-09,550
"799",2007-03-10,425
"800",2007-03-11,372
"801",2007-03-12,467
"802",2007-03-13,467
"803",2007-03-14,478
"804",2007-03-15,488
"805",2007-03-16,545
"806",2007-03-17,484
"807",2007-03-18,468
"808",2007-03-19,491
"809",2007-03-20,453
"810",2007-03-21,530
"811",2007-03-22,510
"812",2007-03-23,527
"813",2007-03-24,442
"814",2007-03-25,314
"815",2007-03-26,502
"816",2007-03-27,521
"817",2007-03-28,457
"818",2007-03-29,503
"819",2007-03-30,509
"820",2007-03-31,457
"821",2007-04-01,386
"822",2007-04-02,455
"823",2007-04-03,390
"824",2007-04-04,507
"825",2007-04-05,573
"826",2007-04-06,474
"827",2007-04-07,451
"828",2007-04-08,364
"829",2007-04-09,325
"830",2007-04-10,386
"831",2007-04-11,456
"832",2007-04-12,411
"833",2007-04-13,424
"834",2007-04-14,467
"835",2007-04-15,434
"836",2007-04-16,466
"837",2007-04-17,498
"838",2007-04-18,574
"839",2007-04-19,598
"840",2007-04-20,538
"841",2007-04-21,479
"842",2007-04-22,379
"843",2007-04-23,584
"844",2007-04-24,565
"845",2007-04-25,499
"846",2007-04-26,506
"847",2007-04-27,526
"848",2007-04-28,469
"849",2007-04-29,373
"850",2007-04-30,568
"851",2007-05-01,576
"852",2007-05-02,629
"853",2007-05-03,525
"854",2007-05-04,534
"855",2007-05-05,488
"856",2007-05-06,395
"857",2007-05-07,397
"858",2007-05-08,483
"859",2007-05-09,588
"860",2007-05-10,558
"861",2007-05-11,573
"862",2007-05-12,519
"863",2007-05-13,409
"864",2007-05-14,493
"865",2007-05-15,552
"866",2007-05-16,540
"867",2007-05-17,514
"868",2007-05-18,538
"869",2007-05-19,448
"870",2007-05-20,422
"871",2007-05-21,483
"872",2007-05-22,570
"873",2007-05-23,504
"874",2007-05-24,506
"875",2007-05-25,592
"876",2007-05-26,513
"877",2007-05-27,521
"878",2007-05-28,442
"879",2007-05-29,529
"880",2007-05-30,492
"881",2007-05-31,500
"882",2007-06-01,520
"883",2007-06-02,501
"884",2007-06-03,416
"885",2007-06-04,450
"886",2007-06-05,507
"887",2007-06-06,533
"888",2007-06-07,452
"889",2007-06-08,567
"890",2007-06-09,483
"891",2007-06-10,457
"892",2007-06-11,462
"893",2007-06-12,492
"894",2007-06-13,615
"895",2007-06-14,568
"896",2007-06-15,649
"897",2007-06-16,510
"898",2007-06-17,405
"899",2007-06-18,515
"900",2007-06-19,513
"901",2007-06-20,545
"902",2007-06-21,515
"903",2007-06-22,630
"904",2007-06-23,508
"905",2007-06-24,452
"906",2007-06-25,552
"907",2007-06-26,490
"908",2007-06-27,522
"909",2007-06-28,514
"910",2007-06-29,587
"911",2007-06-30,598
"912",2007-07-01,458
"913",2007-07-02,547
"914",2007-07-03,518
"915",2007-07-04,484
"916",2007-07-05,563
"917",2007-07-06,566
"918",2007-07-07,525
"919",2007-07-08,400
"920",2007-07-09,537
"921",2007-07-10,462
"922",2007-07-11,494
"923",2007-07-12,526
"924",2007-07-13,692
"925",2007-07-14,523
"926",2007-07-15,396
"927",2007-07-16,492
"928",2007-07-17,530
"929",2007-07-18,561
"930",2007-07-19,522
"931",2007-07-20,632
"932",2007-07-21,525
"933",2007-07-22,368
"934",2007-07-23,496
"935",2007-07-24,522
"936",2007-07-25,500
"937",2007-07-26,558
"938",2007-07-27,494
"939",2007-07-28,483
"940",2007-07-29,458
"941",2007-07-30,464
"942",2007-07-31,566
"943",2007-08-01,486
"944",2007-08-02,498
"945",2007-08-03,534
"946",2007-08-04,494
"947",2007-08-05,475
"948",2007-08-06,512
"949",2007-08-07,479
"950",2007-08-08,523
"951",2007-08-09,473
"952",2007-08-10,559
"953",2007-08-11,509
"954",2007-08-12,453
"955",2007-08-13,468
"956",2007-08-14,688
"957",2007-08-15,506
"958",2007-08-16,469
"959",2007-08-17,477
"960",2007-08-18,560
"961",2007-08-19,442
"962",2007-08-20,398
"963",2007-08-21,389
"964",2007-08-22,476
"965",2007-08-23,509
"966",2007-08-24,545
"967",2007-08-25,482
"968",2007-08-26,431
"969",2007-08-27,394
"970",2007-08-28,457
"971",2007-08-29,462
"972",2007-08-30,422
"973",2007-08-31,474
"974",2007-09-01,447
"975",2007-09-02,393
"976",2007-09-03,504
"977",2007-09-04,560
"978",2007-09-05,480
"979",2007-09-06,519
"980",2007-09-07,601
"981",2007-09-08,447
"982",2007-09-09,394
"983",2007-09-10,531
"984",2007-09-11,549
"985",2007-09-12,524
"986",2007-09-13,488
"987",2007-09-14,558
"988",2007-09-15,484
"989",2007-09-16,425
"990",2007-09-17,493
"991",2007-09-18,584
"992",2007-09-19,540
"993",2007-09-20,574
"994",2007-09-21,558
"995",2007-09-22,433
"996",2007-09-23,431
"997",2007-09-24,615
"998",2007-09-25,622
"999",2007-09-26,505
"1000",2007-09-27,496
"1001",2007-09-28,679
"1002",2007-09-29,492
"1003",2007-09-30,345
"1004",2007-10-01,573
"1005",2007-10-02,460
"1006",2007-10-03,478
"1007",2007-10-04,598
"1008",2007-10-05,657
"1009",2007-10-06,410
"1010",2007-10-07,332
"1011",2007-10-08,444
"1012",2007-10-09,634
"1013",2007-10-10,554
"1014",2007-10-11,515
"1015",2007-10-12,574
"1016",2007-10-13,403
"1017",2007-10-14,362
"1018",2007-10-15,464
"1019",2007-10-16,615
"1020",2007-10-17,609
"1021",2007-10-18,541
"1022",2007-10-19,528
"1023",2007-10-20,460
"1024",2007-10-21,383
"1025",2007-10-22,393
"1026",2007-10-23,518
"1027",2007-10-24,390
"1028",2007-10-25,430
"1029",2007-10-26,521
"1030",2007-10-27,502
"1031",2007-10-28,491
"1032",2007-10-29,610
"1033",2007-10-30,529
"1034",2007-10-31,550
"1035",2007-11-01,532
"1036",2007-11-02,626
"1037",2007-11-03,495
"1038",2007-11-04,373
"1039",2007-11-05,539
"1040",2007-11-06,612
"1041",2007-11-07,481
"1042",2007-11-08,524
"1043",2007-11-09,628
"1044",2007-11-10,498
"1045",2007-11-11,417
"1046",2007-11-12,516
"1047",2007-11-13,650
"1048",2007-11-14,573
"1049",2007-11-15,648
"1050",2007-11-16,631
"1051",2007-11-17,515
"1052",2007-11-18,404
"1053",2007-11-19,664
"1054",2007-11-20,629
"1055",2007-11-21,604
"1056",2007-11-22,572
"1057",2007-11-23,626
"1058",2007-11-24,482
"1059",2007-11-25,364
"1060",2007-11-26,501
"1061",2007-11-27,548
"1062",2007-11-28,592
"1063",2007-11-29,611
"1064",2007-11-30,704
"1065",2007-12-01,507
"1066",2007-12-02,366
"1067",2007-12-03,645
"1068",2007-12-04,526
"1069",2007-12-05,609
"1070",2007-12-06,678
"1071",2007-12-07,599
"1072",2007-12-08,483
"1073",2007-12-09,356
"1074",2007-12-10,619
"1075",2007-12-11,653
"1076",2007-12-12,655
"1077",2007-12-13,643
"1078",2007-12-14,564
"1079",2007-12-15,438
"1080",2007-12-16,345
"1081",2007-12-17,574
"1082",2007-12-18,590
"1083",2007-12-19,610
"1084",2007-12-20,582
"1085",2007-12-21,598
"1086",2007-12-22,466
"1087",2007-12-23,406
"1088",2007-12-24,412
"1089",2007-12-25,157
"1090",2007-12-26,256
"1091",2007-12-27,286
"1092",2007-12-28,328
"1093",2007-12-29,316
"1094",2007-12-30,192
"1095",2007-12-31,249
"1096",2008-01-01,257
"1097",2008-01-02,263
"1098",2008-01-03,318
"1099",2008-01-04,410
"1100",2008-01-05,352
"1101",2008-01-06,357
"1102",2008-01-07,455
"1103",2008-01-08,530
"1104",2008-01-09,532
"1105",2008-01-10,457
"1106",2008-01-11,644
"1107",2008-01-12,571
"1108",2008-01-13,283
"1109",2008-01-14,527
"1110",2008-01-15,546
"1111",2008-01-16,559
"1112",2008-01-17,506
"1113",2008-01-18,603
"1114",2008-01-19,446
"1115",2008-01-20,305
"1116",2008-01-21,512
"1117",2008-01-22,520
"1118",2008-01-23,443
"1119",2008-01-24,503
"1120",2008-01-25,482
"1121",2008-01-26,400
"1122",2008-01-27,358
"1123",2008-01-28,458
"1124",2008-01-29,489
"1125",2008-01-30,530
"1126",2008-01-31,517
"1127",2008-02-01,532
"1128",2008-02-02,415
"1129",2008-02-03,308
"1130",2008-02-04,590
"1131",2008-02-05,528
"1132",2008-02-06,577
"1133",2008-02-07,451
"1134",2008-02-08,558
"1135",2008-02-09,486
"1136",2008-02-10,393
"1137",2008-02-11,594
"1138",2008-02-12,590
"1139",2008-02-13,632
"1140",2008-02-14,478
"1141",2008-02-15,479
"1142",2008-02-16,501
"1143",2008-02-17,374
"1144",2008-02-18,566
"1145",2008-02-19,491
"1146",2008-02-20,480
"1147",2008-02-21,522
"1148",2008-02-22,545
"1149",2008-02-23,424
"1150",2008-02-24,309
"1151",2008-02-25,545
"1152",2008-02-26,499
"1153",2008-02-27,467
"1154",2008-02-28,435
"1155",2008-02-29,584
"1156",2008-03-01,522
"1157",2008-03-02,366
"1158",2008-03-03,506
"1159",2008-03-04,530
"1160",2008-03-05,482
"1161",2008-03-06,385
"1162",2008-03-07,596
"1163",2008-03-08,427
"1164",2008-03-09,366
"1165",2008-03-10,473
"1166",2008-03-11,493
"1167",2008-03-12,433
"1168",2008-03-13,486
"1169",2008-03-14,529
"1170",2008-03-15,431
"1171",2008-03-16,327
"1172",2008-03-17,396
"1173",2008-03-18,423
"1174",2008-03-19,431
"1175",2008-03-20,525
"1176",2008-03-21,375
"1177",2008-03-22,410
"1178",2008-03-23,295
"1179",2008-03-24,288
"1180",2008-03-25,403
"1181",2008-03-26,442
"1182",2008-03-27,475
"1183",2008-03-28,489
"1184",2008-03-29,438
"1185",2008-03-30,327
"1186",2008-03-31,425
"1187",2008-04-01,485
"1188",2008-04-02,391
"1189",2008-04-03,419
"1190",2008-04-04,490
"1191",2008-04-05,409
"1192",2008-04-06,394
"1193",2008-04-07,464
"1194",2008-04-08,477
"1195",2008-04-09,455
"1196",2008-04-10,462
"1197",2008-04-11,548
"1198",2008-04-12,463
"1199",2008-04-13,330
"1200",2008-04-14,420
"1201",2008-04-15,505
"1202",2008-04-16,422
"1203",2008-04-17,457
"1204",2008-04-18,407
"1205",2008-04-19,380
"1206",2008-04-20,323
"1207",2008-04-21,419
"1208",2008-04-22,412
"1209",2008-04-23,544
"1210",2008-04-24,520
"1211",2008-04-25,471
"1212",2008-04-26,477
"1213",2008-04-27,333
"1214",2008-04-28,522
"1215",2008-04-29,509
"1216",2008-04-30,486
"1217",2008-05-01,480
"1218",2008-05-02,554
"1219",2008-05-03,423
"1220",2008-05-04,385
"1221",2008-05-05,388
"1222",2008-05-06,555
"1223",2008-05-07,531
"1224",2008-05-08,571
"1225",2008-05-09,547
"1226",2008-05-10,445
"1227",2008-05-11,449
"1228",2008-05-12,509
"1229",2008-05-13,511
"1230",2008-05-14,516
"1231",2008-05-15,477
"1232",2008-05-16,485
"1233",2008-05-17,447
"1234",2008-05-18,343
"1235",2008-05-19,454
"1236",2008-05-20,488
"1237",2008-05-21,431
"1238",2008-05-22,449
"1239",2008-05-23,505
"1240",2008-05-24,417
"1241",2008-05-25,388
"1242",2008-05-26,360
"1243",2008-05-27,402
"1244",2008-05-28,529
"1245",2008-05-29,447
"1246",2008-05-30,435
"1247",2008-05-31,415
"1248",2008-06-01,346
"1249",2008-06-02,458
"1250",2008-06-03,554
"1251",2008-06-04,535
"1252",2008-06-05,459
"1253",2008-06-06,522
"1254",2008-06-07,464
"1255",2008-06-08,423
"1256",2008-06-09,509
"1257",2008-06-10,537
"1258",2008-06-11,473
"1259",2008-06-12,490
"1260",2008-06-13,491
"1261",2008-06-14,429
"1262",2008-06-15,360
"1263",2008-06-16,471
"1264",2008-06-17,463
"1265",2008-06-18,510
"1266",2008-06-19,506
"1267",2008-06-20,531
"1268",2008-06-21,481
"1269",2008-06-22,398
"1270",2008-06-23,471
"1271",2008-06-24,465
"1272",2008-06-25,500
"1273",2008-06-26,577
"1274",2008-06-27,547
"1275",2008-06-28,393
"1276",2008-06-29,377
"1277",2008-06-30,465
"1278",2008-07-01,561
"1279",2008-07-02,511
"1280",2008-07-03,551
"1281",2008-07-04,597
"1282",2008-07-05,479
"1283",2008-07-06,418
"1284",2008-07-07,575
"1285",2008-07-08,472
"1286",2008-07-09,606
"1287",2008-07-10,497
"1288",2008-07-11,559
"1289",2008-07-12,389
"1290",2008-07-13,364
"1291",2008-07-14,406
"1292",2008-07-15,471
"1293",2008-07-16,453
"1294",2008-07-17,472
"1295",2008-07-18,465
"1296",2008-07-19,377
"1297",2008-07-20,371
"1298",2008-07-21,492
"1299",2008-07-22,410
"1300",2008-07-23,427
"1301",2008-07-24,464
"1302",2008-07-25,511
"1303",2008-07-26,468
"1304",2008-07-27,450
"1305",2008-07-28,445
"1306",2008-07-29,494
"1307",2008-07-30,440
"1308",2008-07-31,435
"1309",2008-08-01,505
"1310",2008-08-02,458
"1311",2008-08-03,397
"1312",2008-08-04,425
"1313",2008-08-05,527
"1314",2008-08-06,448
"1315",2008-08-07,470
"1316",2008-08-08,442
"1317",2008-08-09,500
"1318",2008-08-10,355
"1319",2008-08-11,374
"1320",2008-08-12,493
"1321",2008-08-13,424
"1322",2008-08-14,481
"1323",2008-08-15,484
"1324",2008-08-16,413
"1325",2008-08-17,378
"1326",2008-08-18,429
"1327",2008-08-19,459
"1328",2008-08-20,438
"1329",2008-08-21,451
"1330",2008-08-22,485
"1331",2008-08-23,408
"1332",2008-08-24,306
"1333",2008-08-25,327
"1334",2008-08-26,421
"1335",2008-08-27,397
"1336",2008-08-28,441
"1337",2008-08-29,411
"1338",2008-08-30,411
"1339",2008-08-31,408
"1340",2008-09-01,513
"1341",2008-09-02,483
"1342",2008-09-03,483
"1343",2008-09-04,511
"1344",2008-09-05,648
"1345",2008-09-06,457
"1346",2008-09-07,327
"1347",2008-09-08,376
"1348",2008-09-09,516
"1349",2008-09-10,487
"1350",2008-09-11,491
"1351",2008-09-12,577
"1352",2008-09-13,455
"1353",2008-09-14,381
"1354",2008-09-15,437
"1355",2008-09-16,487
"1356",2008-09-17,440
"1357",2008-09-18,506
"1358",2008-09-19,540
"1359",2008-09-20,524
"1360",2008-09-21,392
"1361",2008-09-22,461
"1362",2008-09-23,484
"1363",2008-09-24,492
"1364",2008-09-25,446
"1365",2008-09-26,577
"1366",2008-09-27,502
"1367",2008-09-28,359
"1368",2008-09-29,488
"1369",2008-09-30,592
"1370",2008-10-01,612
"1371",2008-10-02,564
"1372",2008-10-03,554
"1373",2008-10-04,470
"1374",2008-10-05,422
"1375",2008-10-06,481
"1376",2008-10-07,562
"1377",2008-10-08,625
"1378",2008-10-09,521
"1379",2008-10-10,614
"1380",2008-10-11,431
"1381",2008-10-12,419
"1382",2008-10-13,434
"1383",2008-10-14,505
"1384",2008-10-15,520
"1385",2008-10-16,525
"1386",2008-10-17,532
"1387",2008-10-18,414
"1388",2008-10-19,301
"1389",2008-10-20,543
"1390",2008-10-21,600
"1391",2008-10-22,546
"1392",2008-10-23,481
"1393",2008-10-24,607
"1394",2008-10-25,408
"1395",2008-10-26,391
"1396",2008-10-27,504
"1397",2008-10-28,483
"1398",2008-10-29,480
"1399",2008-10-30,502
"1400",2008-10-31,633
"1401",2008-11-01,510
"1402",2008-11-02,336
"1403",2008-11-03,509
"1404",2008-11-04,508
"1405",2008-11-05,523
"1406",2008-11-06,470
"1407",2008-11-07,593
"1408",2008-11-08,505
"1409",2008-11-09,369
"1410",2008-11-10,506
"1411",2008-11-11,549
"1412",2008-11-12,494
"1413",2008-11-13,563
"1414",2008-11-14,536
"1415",2008-11-15,434
"1416",2008-11-16,344
"1417",2008-11-17,558
"1418",2008-11-18,542
"1419",2008-11-19,506
"1420",2008-11-20,475
"1421",2008-11-21,492
"1422",2008-11-22,415
"1423",2008-11-23,389
"1424",2008-11-24,523
"1425",2008-11-25,614
"1426",2008-11-26,533
"1427",2008-11-27,541
"1428",2008-11-28,659
"1429",2008-11-29,426
"1430",2008-11-30,348
"1431",2008-12-01,533
"1432",2008-12-02,622
"1433",2008-12-03,594
"1434",2008-12-04,523
"1435",2008-12-05,633
"1436",2008-12-06,535
"1437",2008-12-07,466
"1438",2008-12-08,527
"1439",2008-12-09,583
"1440",2008-12-10,571
"1441",2008-12-11,608
"1442",2008-12-12,532
"1443",2008-12-13,459
"1444",2008-12-14,311
"1445",2008-12-15,522
"1446",2008-12-16,446
"1447",2008-12-17,612
"1448",2008-12-18,469
"1449",2008-12-19,602
"1450",2008-12-20,437
"1451",2008-12-21,275
"1452",2008-12-22,483
"1453",2008-12-23,387
"1454",2008-12-24,306
"1455",2008-12-25,118
"1456",2008-12-26,240
"1457",2008-12-27,299
"1458",2008-12-28,256
"1459",2008-12-29,265
"1460",2008-12-30,312
"1461",2008-12-31,268
"1462",2009-01-01,244
"1463",2009-01-02,298
"1464",2009-01-03,341
"1465",2009-01-04,292
"1466",2009-01-05,471
"1467",2009-01-06,545
"1468",2009-01-07,363
"1469",2009-01-08,426
"1470",2009-01-09,477
"1471",2009-01-10,332
"1472",2009-01-11,279
"1473",2009-01-12,477
"1474",2009-01-13,534
"1475",2009-01-14,603
"1476",2009-01-15,431
"1477",2009-01-16,479
"1478",2009-01-17,416
"1479",2009-01-18,327
"1480",2009-01-19,506
"1481",2009-01-20,514
"1482",2009-01-21,613
"1483",2009-01-22,444
"1484",2009-01-23,528
"1485",2009-01-24,518
"1486",2009-01-25,280
"1487",2009-01-26,416
"1488",2009-01-27,506
"1489",2009-01-28,498
"1490",2009-01-29,370
"1491",2009-01-30,477
"1492",2009-01-31,412
"1493",2009-02-01,320
"1494",2009-02-02,469
"1495",2009-02-03,314
"1496",2009-02-04,402
"1497",2009-02-05,311
"1498",2009-02-06,416
"1499",2009-02-07,375
"1500",2009-02-08,258
"1501",2009-02-09,487
"1502",2009-02-10,477
"1503",2009-02-11,685
"1504",2009-02-12,524
"1505",2009-02-13,451
"1506",2009-02-14,383
"1507",2009-02-15,258
"1508",2009-02-16,343
"1509",2009-02-17,403
"1510",2009-02-18,394
"1511",2009-02-19,394
"1512",2009-02-20,411
"1513",2009-02-21,422
"1514",2009-02-22,251
"1515",2009-02-23,361
"1516",2009-02-24,344
"1517",2009-02-25,346
"1518",2009-02-26,350
"1519",2009-02-27,475
"1520",2009-02-28,326
"1521",2009-03-01,311
"1522",2009-03-02,458
"1523",2009-03-03,480
"1524",2009-03-04,513
"1525",2009-03-05,438
"1526",2009-03-06,546
"1527",2009-03-07,391
"1528",2009-03-08,359
"1529",2009-03-09,396
"1530",2009-03-10,442
"1531",2009-03-11,439
"1532",2009-03-12,427
"1533",2009-03-13,456
"1534",2009-03-14,382
"1535",2009-03-15,319
"1536",2009-03-16,427
"1537",2009-03-17,407
"1538",2009-03-18,431
"1539",2009-03-19,493
"1540",2009-03-20,526
"1541",2009-03-21,431
"1542",2009-03-22,326
"1543",2009-03-23,418
"1544",2009-03-24,453
"1545",2009-03-25,439
"1546",2009-03-26,460
"1547",2009-03-27,494
"1548",2009-03-28,416
"1549",2009-03-29,340
"1550",2009-03-30,381
"1551",2009-03-31,403
"1552",2009-04-01,456
"1553",2009-04-02,434
"1554",2009-04-03,461
"1555",2009-04-04,398
"1556",2009-04-05,368
"1557",2009-04-06,405
"1558",2009-04-07,420
"1559",2009-04-08,500
"1560",2009-04-09,433
"1561",2009-04-10,385
"1562",2009-04-11,395
"1563",2009-04-12,288
"1564",2009-04-13,323
"1565",2009-04-14,348
"1566",2009-04-15,381
"1567",2009-04-16,399
"1568",2009-04-17,420
"1569",2009-04-18,425
"1570",2009-04-19,353
"1571",2009-04-20,492
"1572",2009-04-21,459
"1573",2009-04-22,488
"1574",2009-04-23,455
"1575",2009-04-24,497
"1576",2009-04-25,420
"1577",2009-04-26,367
"1578",2009-04-27,559
"1579",2009-04-28,427
"1580",2009-04-29,481
"1581",2009-04-30,478
"1582",2009-05-01,605
"1583",2009-05-02,415
"1584",2009-05-03,366
"1585",2009-05-04,305
"1586",2009-05-05,457
"1587",2009-05-06,399
"1588",2009-05-07,460
"1589",2009-05-08,558
"1590",2009-05-09,375
"1591",2009-05-10,374
"1592",2009-05-11,495
"1593",2009-05-12,456
"1594",2009-05-13,438
"1595",2009-05-14,394
"1596",2009-05-15,565
"1597",2009-05-16,392
"1598",2009-05-17,341
"1599",2009-05-18,441
"1600",2009-05-19,507
"1601",2009-05-20,449
"1602",2009-05-21,520
"1603",2009-05-22,557
"1604",2009-05-23,455
"1605",2009-05-24,412
"1606",2009-05-25,327
"1607",2009-05-26,469
"1608",2009-05-27,375
"1609",2009-05-28,425
"1610",2009-05-29,524
"1611",2009-05-30,509
"1612",2009-05-31,446
"1613",2009-06-01,551
"1614",2009-06-02,551
"1615",2009-06-03,398
"1616",2009-06-04,491
"1617",2009-06-05,498
"1618",2009-06-06,451
"1619",2009-06-07,328
"1620",2009-06-08,428
"1621",2009-06-09,429
"1622",2009-06-10,472
"1623",2009-06-11,510
"1624",2009-06-12,521
"1625",2009-06-13,439
"1626",2009-06-14,415
"1627",2009-06-15,474
"1628",2009-06-16,504
"1629",2009-06-17,522
"1630",2009-06-18,425
"1631",2009-06-19,539
"1632",2009-06-20,404
"1633",2009-06-21,372
"1634",2009-06-22,397
"1635",2009-06-23,505
"1636",2009-06-24,508
"1637",2009-06-25,454
"1638",2009-06-26,523
"1639",2009-06-27,435
"1640",2009-06-28,380
"1641",2009-06-29,460
"1642",2009-06-30,552
"1643",2009-07-01,513
"1644",2009-07-02,509
"1645",2009-07-03,594
"1646",2009-07-04,433
"1647",2009-07-05,378
"1648",2009-07-06,530
"1649",2009-07-07,514
"1650",2009-07-08,440
"1651",2009-07-09,435
"1652",2009-07-10,483
"1653",2009-07-11,443
"1654",2009-07-12,383
"1655",2009-07-13,509
"1656",2009-07-14,478
"1657",2009-07-15,476
"1658",2009-07-16,456
"1659",2009-07-17,617
"1660",2009-07-18,437
"1661",2009-07-19,337
"1662",2009-07-20,411
"1663",2009-07-21,506
"1664",2009-07-22,429
"1665",2009-07-23,445
"1666",2009-07-24,501
"1667",2009-07-25,432
"1668",2009-07-26,307
"1669",2009-07-27,439
"1670",2009-07-28,406
"1671",2009-07-29,486
"1672",2009-07-30,449
"1673",2009-07-31,524
"1674",2009-08-01,461
"1675",2009-08-02,385
"1676",2009-08-03,387
"1677",2009-08-04,414
"1678",2009-08-05,458
"1679",2009-08-06,448
"1680",2009-08-07,465
"1681",2009-08-08,485
"1682",2009-08-09,343
"1683",2009-08-10,458
"1684",2009-08-11,471
"1685",2009-08-12,434
"1686",2009-08-13,471
"1687",2009-08-14,428
"1688",2009-08-15,426
"1689",2009-08-16,379
"1690",2009-08-17,398
"1691",2009-08-18,454
"1692",2009-08-19,479
"1693",2009-08-20,451
"1694",2009-08-21,520
"1695",2009-08-22,438
"1696",2009-08-23,343
"1697",2009-08-24,389
"1698",2009-08-25,462
"1699",2009-08-26,496
"1700",2009-08-27,435
"1701",2009-08-28,576
"1702",2009-08-29,402
"1703",2009-08-30,334
"1704",2009-08-31,325
"1705",2009-09-01,524
"1706",2009-09-02,492
"1707",2009-09-03,451
"1708",2009-09-04,479
"1709",2009-09-05,427
"1710",2009-09-06,318
"1711",2009-09-07,421
"1712",2009-09-08,468
"1713",2009-09-09,514
"1714",2009-09-10,547
"1715",2009-09-11,518
"1716",2009-09-12,490
"1717",2009-09-13,338
"1718",2009-09-14,429
"1719",2009-09-15,487
"1720",2009-09-16,494
"1721",2009-09-17,451
"1722",2009-09-18,480
"1723",2009-09-19,442
"1724",2009-09-20,413
"1725",2009-09-21,422
"1726",2009-09-22,488
"1727",2009-09-23,427
"1728",2009-09-24,578
"1729",2009-09-25,523
"1730",2009-09-26,424
"1731",2009-09-27,379
"1732",2009-09-28,396
"1733",2009-09-29,496
"1734",2009-09-30,476
"1735",2009-10-01,490
"1736",2009-10-02,570
"1737",2009-10-03,425
"1738",2009-10-04,351
"1739",2009-10-05,542
"1740",2009-10-06,680
"1741",2009-10-07,543
"1742",2009-10-08,525
"1743",2009-10-09,589
"1744",2009-10-10,448
"1745",2009-10-11,347
"1746",2009-10-12,489
"1747",2009-10-13,467
"1748",2009-10-14,461
"1749",2009-10-15,509
"1750",2009-10-16,554
"1751",2009-10-17,406
"1752",2009-10-18,287
"1753",2009-10-19,424
"1754",2009-10-20,505
"1755",2009-10-21,584
"1756",2009-10-22,528
"1757",2009-10-23,543
"1758",2009-10-24,517
"1759",2009-10-25,342
"1760",2009-10-26,406
"1761",2009-10-27,423
"1762",2009-10-28,475
"1763",2009-10-29,409
"1764",2009-10-30,476
"1765",2009-10-31,519
"1766",2009-11-01,355
"1767",2009-11-02,487
"1768",2009-11-03,646
"1769",2009-11-04,582
"1770",2009-11-05,585
"1771",2009-11-06,621
"1772",2009-11-07,490
"1773",2009-11-08,321
"1774",2009-11-09,511
"1775",2009-11-10,597
"1776",2009-11-11,498
"1777",2009-11-12,659
"1778",2009-11-13,692
"1779",2009-11-14,439
"1780",2009-11-15,359
"1781",2009-11-16,544
"1782",2009-11-17,555
"1783",2009-11-18,482
"1784",2009-11-19,437
"1785",2009-11-20,597
"1786",2009-11-21,447
"1787",2009-11-22,382
"1788",2009-11-23,457
"1789",2009-11-24,531
"1790",2009-11-25,546
"1791",2009-11-26,519
"1792",2009-11-27,621
"1793",2009-11-28,507
"1794",2009-11-29,437
"1795",2009-11-30,569
"1796",2009-12-01,605
"1797",2009-12-02,587
"1798",2009-12-03,565
"1799",2009-12-04,667
"1800",2009-12-05,484
"1801",2009-12-06,353
"1802",2009-12-07,551
"1803",2009-12-08,614
"1804",2009-12-09,554
"1805",2009-12-10,614
"1806",2009-12-11,630
"1807",2009-12-12,465
"1808",2009-12-13,366
"1809",2009-12-14,548
"1810",2009-12-15,473
"1811",2009-12-16,540
"1812",2009-12-17,620
"1813",2009-12-18,509
"1814",2009-12-19,391
"1815",2009-12-20,358
"1816",2009-12-21,394
"1817",2009-12-22,355
"1818",2009-12-23,488
"1819",2009-12-24,262
"1820",2009-12-25,202
"1821",2009-12-26,224
"1822",2009-12-27,236
"1823",2009-12-28,269
"1824",2009-12-29,266
"1825",2009-12-30,252
"1826",2009-12-31,267
"1827",2010-01-01,282
"1828",2010-01-02,293
"1829",2010-01-03,273
"1830",2010-01-04,401
"1831",2010-01-05,379
"1832",2010-01-06,266
"1833",2010-01-07,284
"1834",2010-01-08,322
"1835",2010-01-09,250
"1836",2010-01-10,130
"1837",2010-01-11,278
"1838",2010-01-12,277
"1839",2010-01-13,398
"1840",2010-01-14,305
"1841",2010-01-15,364
"1842",2010-01-16,296
"1843",2010-01-17,315
"1844",2010-01-18,415
"1845",2010-01-19,377
"1846",2010-01-20,378
"1847",2010-01-21,418
"1848",2010-01-22,430
"1849",2010-01-23,305
"1850",2010-01-24,242
"1851",2010-01-25,346
"1852",2010-01-26,383
"1853",2010-01-27,409
"1854",2010-01-28,409
"1855",2010-01-29,522
"1856",2010-01-30,545
"1857",2010-01-31,345
"1858",2010-02-01,657
"1859",2010-02-02,449
"1860",2010-02-03,472
"1861",2010-02-04,388
"1862",2010-02-05,504
"1863",2010-02-06,356
"1864",2010-02-07,229
"1865",2010-02-08,379
"1866",2010-02-09,457
"1867",2010-02-10,574
"1868",2010-02-11,443
"1869",2010-02-12,437
"1870",2010-02-13,357
"1871",2010-02-14,298
"1872",2010-02-15,401
"1873",2010-02-16,422
"1874",2010-02-17,462
"1875",2010-02-18,396
"1876",2010-02-19,452
"1877",2010-02-20,448
"1878",2010-02-21,352
"1879",2010-02-22,431
"1880",2010-02-23,397
"1881",2010-02-24,436
"1882",2010-02-25,437
"1883",2010-02-26,471
"1884",2010-02-27,346
"1885",2010-02-28,273
"1886",2010-03-01,608
"1887",2010-03-02,568
"1888",2010-03-03,376
"1889",2010-03-04,463
"1890",2010-03-05,497
"1891",2010-03-06,409
"1892",2010-03-07,364
"1893",2010-03-08,507
"1894",2010-03-09,372
"1895",2010-03-10,439
"1896",2010-03-11,414
"1897",2010-03-12,504
"1898",2010-03-13,398
"1899",2010-03-14,318
"1900",2010-03-15,372
"1901",2010-03-16,406
"1902",2010-03-17,388
"1903",2010-03-18,428
"1904",2010-03-19,480
"1905",2010-03-20,395
"1906",2010-03-21,314
"1907",2010-03-22,395
"1908",2010-03-23,423
"1909",2010-03-24,416
"1910",2010-03-25,452
"1911",2010-03-26,506
"1912",2010-03-27,372
"1913",2010-03-28,315
"1914",2010-03-29,421
"1915",2010-03-30,441
"1916",2010-03-31,404
"1917",2010-04-01,510
"1918",2010-04-02,363
"1919",2010-04-03,340
"1920",2010-04-04,297
"1921",2010-04-05,252
"1922",2010-04-06,343
"1923",2010-04-07,378
"1924",2010-04-08,424
"1925",2010-04-09,463
"1926",2010-04-10,429
"1927",2010-04-11,333
"1928",2010-04-12,379
"1929",2010-04-13,451
"1930",2010-04-14,366
"1931",2010-04-15,401
"1932",2010-04-16,449
"1933",2010-04-17,435
"1934",2010-04-18,340
"1935",2010-04-19,369
"1936",2010-04-20,440
"1937",2010-04-21,456
"1938",2010-04-22,451
"1939",2010-04-23,529
"1940",2010-04-24,419
"1941",2010-04-25,305
"1942",2010-04-26,443
"1943",2010-04-27,482
"1944",2010-04-28,427
"1945",2010-04-29,444
"1946",2010-04-30,530
"1947",2010-05-01,378
"1948",2010-05-02,264
"1949",2010-05-03,297
"1950",2010-05-04,464
"1951",2010-05-05,384
"1952",2010-05-06,397
"1953",2010-05-07,472
"1954",2010-05-08,402
"1955",2010-05-09,285
"1956",2010-05-10,434
"1957",2010-05-11,431
"1958",2010-05-12,451
"1959",2010-05-13,430
"1960",2010-05-14,509
"1961",2010-05-15,442
"1962",2010-05-16,324
"1963",2010-05-17,424
"1964",2010-05-18,467
"1965",2010-05-19,388
"1966",2010-05-20,432
"1967",2010-05-21,524
"1968",2010-05-22,508
"1969",2010-05-23,471
"1970",2010-05-24,517
"1971",2010-05-25,462
"1972",2010-05-26,441
"1973",2010-05-27,504
"1974",2010-05-28,559
"1975",2010-05-29,511
"1976",2010-05-30,357
"1977",2010-05-31,291
"1978",2010-06-01,476
"1979",2010-06-02,477
"1980",2010-06-03,500
"1981",2010-06-04,465
"1982",2010-06-05,439
"1983",2010-06-06,317
"1984",2010-06-07,433
"1985",2010-06-08,494
"1986",2010-06-09,456
"1987",2010-06-10,373
"1988",2010-06-11,477
"1989",2010-06-12,399
"1990",2010-06-13,329
"1991",2010-06-14,417
"1992",2010-06-15,493
"1993",2010-06-16,506
"1994",2010-06-17,477
"1995",2010-06-18,499
"1996",2010-06-19,361
"1997",2010-06-20,365
"1998",2010-06-21,476
"1999",2010-06-22,549
"2000",2010-06-23,533
"2001",2010-06-24,483
"2002",2010-06-25,527
"2003",2010-06-26,476
"2004",2010-06-27,384
"2005",2010-06-28,516
"2006",2010-06-29,496
"2007",2010-06-30,451
"2008",2010-07-01,479
"2009",2010-07-02,534
"2010",2010-07-03,421
"2011",2010-07-04,364
"2012",2010-07-05,463
"2013",2010-07-06,428
"2014",2010-07-07,414
"2015",2010-07-08,469
"2016",2010-07-09,521
"2017",2010-07-10,438
"2018",2010-07-11,358
"2019",2010-07-12,478
"2020",2010-07-13,488
"2021",2010-07-14,493
"2022",2010-07-15,469
"2023",2010-07-16,485
"2024",2010-07-17,367
"2025",2010-07-18,303
"2026",2010-07-19,452
"2027",2010-07-20,420
"2028",2010-07-21,514
"2029",2010-07-22,433
"2030",2010-07-23,475
"2031",2010-07-24,372
"2032",2010-07-25,294
"2033",2010-07-26,425
"2034",2010-07-27,384
"2035",2010-07-28,456
"2036",2010-07-29,434
"2037",2010-07-30,474
"2038",2010-07-31,422
"2039",2010-08-01,338
"2040",2010-08-02,335
"2041",2010-08-03,408
"2042",2010-08-04,459
"2043",2010-08-05,395
"2044",2010-08-06,443
"2045",2010-08-07,415
"2046",2010-08-08,316
"2047",2010-08-09,421
"2048",2010-08-10,493
"2049",2010-08-11,389
"2050",2010-08-12,435
"2051",2010-08-13,523
"2052",2010-08-14,402
"2053",2010-08-15,353
"2054",2010-08-16,433
"2055",2010-08-17,430
"2056",2010-08-18,414
"2057",2010-08-19,475
"2058",2010-08-20,461
"2059",2010-08-21,398
"2060",2010-08-22,376
"2061",2010-08-23,458
"2062",2010-08-24,436
"2063",2010-08-25,467
"2064",2010-08-26,500
"2065",2010-08-27,436
"2066",2010-08-28,424
"2067",2010-08-29,361
"2068",2010-08-30,367
"2069",2010-08-31,466
"2070",2010-09-01,486
"2071",2010-09-02,469
"2072",2010-09-03,513
"2073",2010-09-04,405
"2074",2010-09-05,339
"2075",2010-09-06,454
"2076",2010-09-07,505
"2077",2010-09-08,446
"2078",2010-09-09,493
"2079",2010-09-10,514
"2080",2010-09-11,465
"2081",2010-09-12,373
"2082",2010-09-13,422
"2083",2010-09-14,499
"2084",2010-09-15,459
"2085",2010-09-16,463
"2086",2010-09-17,522
"2087",2010-09-18,445
"2088",2010-09-19,346
"2089",2010-09-20,509
"2090",2010-09-21,456
"2091",2010-09-22,519
"2092",2010-09-23,541
"2093",2010-09-24,479
"2094",2010-09-25,436
"2095",2010-09-26,342
"2096",2010-09-27,467
"2097",2010-09-28,424
"2098",2010-09-29,597
"2099",2010-09-30,516
"2100",2010-10-01,699
"2101",2010-10-02,495
"2102",2010-10-03,373
"2103",2010-10-04,526
"2104",2010-10-05,433
"2105",2010-10-06,506
"2106",2010-10-07,487
"2107",2010-10-08,505
"2108",2010-10-09,375
"2109",2010-10-10,383
"2110",2010-10-11,499
"2111",2010-10-12,510
"2112",2010-10-13,425
"2113",2010-10-14,423
"2114",2010-10-15,501
"2115",2010-10-16,441
"2116",2010-10-17,355
"2117",2010-10-18,437
"2118",2010-10-19,551
"2119",2010-10-20,546
"2120",2010-10-21,483
"2121",2010-10-22,506
"2122",2010-10-23,462
"2123",2010-10-24,336
"2124",2010-10-25,488
"2125",2010-10-26,500
"2126",2010-10-27,467
"2127",2010-10-28,401
"2128",2010-10-29,458
"2129",2010-10-30,492
"2130",2010-10-31,366
"2131",2010-11-01,475
"2132",2010-11-02,495
"2133",2010-11-03,547
"2134",2010-11-04,522
"2135",2010-11-05,644
"2136",2010-11-06,427
"2137",2010-11-07,344
"2138",2010-11-08,563
"2139",2010-11-09,532
"2140",2010-11-10,556
"2141",2010-11-11,506
"2142",2010-11-12,585
"2143",2010-11-13,413
"2144",2010-11-14,341
"2145",2010-11-15,622
"2146",2010-11-16,569
"2147",2010-11-17,479
"2148",2010-11-18,570
"2149",2010-11-19,625
"2150",2010-11-20,407
"2151",2010-11-21,284
"2152",2010-11-22,462
"2153",2010-11-23,500
"2154",2010-11-24,497
"2155",2010-11-25,470
"2156",2010-11-26,571
"2157",2010-11-27,443
"2158",2010-11-28,291
"2159",2010-11-29,395
"2160",2010-11-30,409
"2161",2010-12-01,262
"2162",2010-12-02,254
"2163",2010-12-03,306
"2164",2010-12-04,275
"2165",2010-12-05,339
"2166",2010-12-06,437
"2167",2010-12-07,378
"2168",2010-12-08,418
"2169",2010-12-09,461
"2170",2010-12-10,429
"2171",2010-12-11,407
"2172",2010-12-12,336
"2173",2010-12-13,487
"2174",2010-12-14,463
"2175",2010-12-15,465
"2176",2010-12-16,472
"2177",2010-12-17,562
"2178",2010-12-18,296
"2179",2010-12-19,231
"2180",2010-12-20,316
"2181",2010-12-21,270
"2182",2010-12-22,377
"2183",2010-12-23,341
"2184",2010-12-24,362
"2185",2010-12-25,168
"2186",2010-12-26,213
"2187",2010-12-27,202
"2188",2010-12-28,199
"2189",2010-12-29,228
"2190",2010-12-30,186
"2191",2010-12-31,205
"2192",2011-01-01,204
"2193",2011-01-02,146
"2194",2011-01-03,186
"2195",2011-01-04,367
"2196",2011-01-05,355
"2197",2011-01-06,401
"2198",2011-01-07,451
"2199",2011-01-08,329
"2200",2011-01-09,565
"2201",2011-01-10,450
"2202",2011-01-11,404
"2203",2011-01-12,476
"2204",2011-01-13,398
"2205",2011-01-14,417
"2206",2011-01-15,281
"2207",2011-01-16,263
"2208",2011-01-17,430
"2209",2011-01-18,519
"2210",2011-01-19,559
"2211",2011-01-20,515
"2212",2011-01-21,475
"2213",2011-01-22,311
"2214",2011-01-23,201
"2215",2011-01-24,385
"2216",2011-01-25,445
"2217",2011-01-26,392
"2218",2011-01-27,349
"2219",2011-01-28,469
"2220",2011-01-29,319
"2221",2011-01-30,255
"2222",2011-01-31,444
"2223",2011-02-01,487
"2224",2011-02-02,454
"2225",2011-02-03,486
"2226",2011-02-04,455
"2227",2011-02-05,348
"2228",2011-02-06,222
"2229",2011-02-07,359
"2230",2011-02-08,581
"2231",2011-02-09,417
"2232",2011-02-10,492
"2233",2011-02-11,459
"2234",2011-02-12,359
"2235",2011-02-13,314
"2236",2011-02-14,486
"2237",2011-02-15,435
"2238",2011-02-16,488
"2239",2011-02-17,410
"2240",2011-02-18,362
"2241",2011-02-19,354
"2242",2011-02-20,233
"2243",2011-02-21,351
"2244",2011-02-22,332
"2245",2011-02-23,393
"2246",2011-02-24,434
"2247",2011-02-25,400
"2248",2011-02-26,370
"2249",2011-02-27,292
"2250",2011-02-28,377
"2251",2011-03-01,390
"2252",2011-03-02,393
"2253",2011-03-03,393
"2254",2011-03-04,478
"2255",2011-03-05,324
"2256",2011-03-06,283
"2257",2011-03-07,437
"2258",2011-03-08,449
"2259",2011-03-09,448
"2260",2011-03-10,436
"2261",2011-03-11,426
"2262",2011-03-12,368
"2263",2011-03-13,266
"2264",2011-03-14,431
"2265",2011-03-15,359
"2266",2011-03-16,398
"2267",2011-03-17,389
"2268",2011-03-18,509
"2269",2011-03-19,388
"2270",2011-03-20,249
"2271",2011-03-21,403
"2272",2011-03-22,421
"2273",2011-03-23,444
"2274",2011-03-24,444
"2275",2011-03-25,497
"2276",2011-03-26,367
"2277",2011-03-27,298
"2278",2011-03-28,384
"2279",2011-03-29,406
"2280",2011-03-30,454
"2281",2011-03-31,500
"2282",2011-04-01,418
"2283",2011-04-02,403
"2284",2011-04-03,355
"2285",2011-04-04,405
"2286",2011-04-05,397
"2287",2011-04-06,525
"2288",2011-04-07,464
"2289",2011-04-08,592
"2290",2011-04-09,447
"2291",2011-04-10,408
"2292",2011-04-11,403
"2293",2011-04-12,437
"2294",2011-04-13,343
"2295",2011-04-14,384
"2296",2011-04-15,400
"2297",2011-04-16,372
"2298",2011-04-17,363
"2299",2011-04-18,415
"2300",2011-04-19,448
"2301",2011-04-20,460
"2302",2011-04-21,488
"2303",2011-04-22,391
"2304",2011-04-23,370
"2305",2011-04-24,295
"2306",2011-04-25,319
"2307",2011-04-26,383
"2308",2011-04-27,476
"2309",2011-04-28,492
"2310",2011-04-29,290
"2311",2011-04-30,399
"2312",2011-05-01,360
"2313",2011-05-02,326
"2314",2011-05-03,498
"2315",2011-05-04,462
"2316",2011-05-05,438
"2317",2011-05-06,466
"2318",2011-05-07,388
"2319",2011-05-08,283
"2320",2011-05-09,465
"2321",2011-05-10,499
"2322",2011-05-11,429
"2323",2011-05-12,462
"2324",2011-05-13,468
"2325",2011-05-14,355
"2326",2011-05-15,281
"2327",2011-05-16,381
"2328",2011-05-17,364
"2329",2011-05-18,412
"2330",2011-05-19,463
"2331",2011-05-20,457
"2332",2011-05-21,402
"2333",2011-05-22,301
"2334",2011-05-23,427
"2335",2011-05-24,445
"2336",2011-05-25,474
"2337",2011-05-26,473
"2338",2011-05-27,448
"2339",2011-05-28,344
"2340",2011-05-29,285
"2341",2011-05-30,355
"2342",2011-05-31,412
"2343",2011-06-01,400
"2344",2011-06-02,414
"2345",2011-06-03,547
"2346",2011-06-04,398
"2347",2011-06-05,326
"2348",2011-06-06,461
"2349",2011-06-07,476
"2350",2011-06-08,445
"2351",2011-06-09,442
"2352",2011-06-10,468
"2353",2011-06-11,373
"2354",2011-06-12,359
"2355",2011-06-13,418
"2356",2011-06-14,458
"2357",2011-06-15,448
"2358",2011-06-16,489
"2359",2011-06-17,518
"2360",2011-06-18,449
"2361",2011-06-19,347
"2362",2011-06-20,436
"2363",2011-06-21,391
"2364",2011-06-22,443
"2365",2011-06-23,432
"2366",2011-06-24,505
"2367",2011-06-25,369
"2368",2011-06-26,439
"2369",2011-06-27,472
"2370",2011-06-28,402
"2371",2011-06-29,456
"2372",2011-06-30,467
"2373",2011-07-01,508
"2374",2011-07-02,419
"2375",2011-07-03,350
"2376",2011-07-04,447
"2377",2011-07-05,424
"2378",2011-07-06,472
"2379",2011-07-07,443
"2380",2011-07-08,544
"2381",2011-07-09,388
"2382",2011-07-10,322
"2383",2011-07-11,478
"2384",2011-07-12,405
"2385",2011-07-13,420
"2386",2011-07-14,481
"2387",2011-07-15,489
"2388",2011-07-16,414
"2389",2011-07-17,354
"2390",2011-07-18,424
"2391",2011-07-19,424
"2392",2011-07-20,448
"2393",2011-07-21,436
"2394",2011-07-22,495
"2395",2011-07-23,370
"2396",2011-07-24,318
"2397",2011-07-25,421
"2398",2011-07-26,410
"2399",2011-07-27,410
"2400",2011-07-28,394
"2401",2011-07-29,474
"2402",2011-07-30,400
"2403",2011-07-31,336
"2404",2011-08-01,416
"2405",2011-08-02,416
"2406",2011-08-03,397
"2407",2011-08-04,522
"2408",2011-08-05,422
"2409",2011-08-06,380
"2410",2011-08-07,350
"2411",2011-08-08,387
"2412",2011-08-09,373
"2413",2011-08-10,405
"2414",2011-08-11,383
"2415",2011-08-12,356
"2416",2011-08-13,363
"2417",2011-08-14,291
"2418",2011-08-15,374
"2419",2011-08-16,387
"2420",2011-08-17,375
"2421",2011-08-18,411
"2422",2011-08-19,481
"2423",2011-08-20,371
"2424",2011-08-21,315
"2425",2011-08-22,388
"2426",2011-08-23,388
"2427",2011-08-24,419
"2428",2011-08-25,435
"2429",2011-08-26,550
"2430",2011-08-27,395
"2431",2011-08-28,300
"2432",2011-08-29,271
"2433",2011-08-30,364
"2434",2011-08-31,346
"2435",2011-09-01,424
"2436",2011-09-02,481
"2437",2011-09-03,366
"2438",2011-09-04,346
"2439",2011-09-05,467
"2440",2011-09-06,451
"2441",2011-09-07,401
"2442",2011-09-08,435
"2443",2011-09-09,478
"2444",2011-09-10,406
"2445",2011-09-11,327
"2446",2011-09-12,452
"2447",2011-09-13,437
"2448",2011-09-14,462
"2449",2011-09-15,474
"2450",2011-09-16,482
"2451",2011-09-17,481
"2452",2011-09-18,403
"2453",2011-09-19,440
"2454",2011-09-20,433
"2455",2011-09-21,464
"2456",2011-09-22,434
"2457",2011-09-23,479
"2458",2011-09-24,355
"2459",2011-09-25,312
"2460",2011-09-26,431
"2461",2011-09-27,458
"2462",2011-09-28,626
"2463",2011-09-29,582
"2464",2011-09-30,552
"2465",2011-10-01,485
"2466",2011-10-02,393
"2467",2011-10-03,442
"2468",2011-10-04,419
"2469",2011-10-05,471
"2470",2011-10-06,552
"2471",2011-10-07,566
"2472",2011-10-08,411
"2473",2011-10-09,351
"2474",2011-10-10,414
"2475",2011-10-11,438
"2476",2011-10-12,451
"2477",2011-10-13,440
"2478",2011-10-14,522
"2479",2011-10-15,464
"2480",2011-10-16,301
"2481",2011-10-17,439
"2482",2011-10-18,516
"2483",2011-10-19,540
"2484",2011-10-20,449
"2485",2011-10-21,420
"2486",2011-10-22,392
"2487",2011-10-23,298
"2488",2011-10-24,371
"2489",2011-10-25,484
"2490",2011-10-26,470
"2491",2011-10-27,526
"2492",2011-10-28,538
"2493",2011-10-29,382
"2494",2011-10-30,328
"2495",2011-10-31,475
"2496",2011-11-01,535
"2497",2011-11-02,503
"2498",2011-11-03,512
"2499",2011-11-04,594
"2500",2011-11-05,364
"2501",2011-11-06,328
"2502",2011-11-07,480
"2503",2011-11-08,500
"2504",2011-11-09,469
"2505",2011-11-10,453
"2506",2011-11-11,471
"2507",2011-11-12,376
"2508",2011-11-13,300
"2509",2011-11-14,383
"2510",2011-11-15,442
"2511",2011-11-16,396
"2512",2011-11-17,506
"2513",2011-11-18,521
"2514",2011-11-19,428
"2515",2011-11-20,301
"2516",2011-11-21,430
"2517",2011-11-22,435
"2518",2011-11-23,449
"2519",2011-11-24,436
"2520",2011-11-25,589
"2521",2011-11-26,331
"2522",2011-11-27,290
"2523",2011-11-28,413
"2524",2011-11-29,494
"2525",2011-11-30,468
"2526",2011-12-01,543
"2527",2011-12-02,617
"2528",2011-12-03,374
"2529",2011-12-04,297
"2530",2011-12-05,484
"2531",2011-12-06,552
"2532",2011-12-07,459
"2533",2011-12-08,433
"2534",2011-12-09,600
"2535",2011-12-10,410
"2536",2011-12-11,296
"2537",2011-12-12,637
"2538",2011-12-13,439
"2539",2011-12-14,543
"2540",2011-12-15,529
"2541",2011-12-16,560
"2542",2011-12-17,519
"2543",2011-12-18,336
"2544",2011-12-19,458
"2545",2011-12-20,420
"2546",2011-12-21,350
"2547",2011-12-22,419
"2548",2011-12-23,467
"2549",2011-12-24,304
"2550",2011-12-25,142
"2551",2011-12-26,164
"2552",2011-12-27,221
"2553",2011-12-28,268
"2554",2011-12-29,254
"2555",2011-12-30,326
"2556",2011-12-31,264
"2557",2012-01-01,249
"2558",2012-01-02,243
"2559",2012-01-03,329
"2560",2012-01-04,382
"2561",2012-01-05,393
"2562",2012-01-06,442
"2563",2012-01-07,259
"2564",2012-01-08,208
"2565",2012-01-09,376
"2566",2012-01-10,403
"2567",2012-01-11,430
"2568",2012-01-12,402
"2569",2012-01-13,499
"2570",2012-01-14,372
"2571",2012-01-15,281
"2572",2012-01-16,543
"2573",2012-01-17,465
"2574",2012-01-18,420
"2575",2012-01-19,443
"2576",2012-01-20,487
"2577",2012-01-21,312
"2578",2012-01-22,217
"2579",2012-01-23,413
"2580",2012-01-24,433
"2581",2012-01-25,423
"2582",2012-01-26,432
"2583",2012-01-27,536
"2584",2012-01-28,390
"2585",2012-01-29,258
"2586",2012-01-30,412
"2587",2012-01-31,384
"2588",2012-02-01,424
"2589",2012-02-02,445
"2590",2012-02-03,517
"2591",2012-02-04,445
"2592",2012-02-05,238
"2593",2012-02-06,339
"2594",2012-02-07,387
"2595",2012-02-08,328
"2596",2012-02-09,442
"2597",2012-02-10,410
"2598",2012-02-11,349
"2599",2012-02-12,251
"2600",2012-02-13,341
"2601",2012-02-14,349
"2602",2012-02-15,348
"2603",2012-02-16,384
"2604",2012-02-17,428
"2605",2012-02-18,308
"2606",2012-02-19,271
"2607",2012-02-20,340
"2608",2012-02-21,417
"2609",2012-02-22,417
"2610",2012-02-23,502
"2611",2012-02-24,462
"2612",2012-02-25,371
"2613",2012-02-26,228
"2614",2012-02-27,357
"2615",2012-02-28,422
"2616",2012-02-29,343
"2617",2012-03-01,439
"2618",2012-03-02,388
"2619",2012-03-03,396
"2620",2012-03-04,293
"2621",2012-03-05,390
"2622",2012-03-06,430
"2623",2012-03-07,430
"2624",2012-03-08,393
"2625",2012-03-09,364
"2626",2012-03-10,324
"2627",2012-03-11,297
"2628",2012-03-12,385
"2629",2012-03-13,384
"2630",2012-03-14,344
"2631",2012-03-15,406
"2632",2012-03-16,340
"2633",2012-03-17,384
"2634",2012-03-18,305
"2635",2012-03-19,419
"2636",2012-03-20,418
"2637",2012-03-21,400
"2638",2012-03-22,371
"2639",2012-03-23,418
"2640",2012-03-24,385
"2641",2012-03-25,326
"2642",2012-03-26,485
"2643",2012-03-27,502
"2644",2012-03-28,493
"2645",2012-03-29,466
"2646",2012-03-30,502
"2647",2012-03-31,294
"2648",2012-04-01,329
"2649",2012-04-02,347
"2650",2012-04-03,387
"2651",2012-04-04,338
"2652",2012-04-05,390
"2653",2012-04-06,268
"2654",2012-04-07,299
"2655",2012-04-08,242
"2656",2012-04-09,310
"2657",2012-04-10,360
"2658",2012-04-11,333
"2659",2012-04-12,364
"2660",2012-04-13,384
"2661",2012-04-14,292
"2662",2012-04-15,292
"2663",2012-04-16,355
"2664",2012-04-17,411
"2665",2012-04-18,445
"2666",2012-04-19,415
"2667",2012-04-20,458
"2668",2012-04-21,337
"2669",2012-04-22,274
"2670",2012-04-23,384
"2671",2012-04-24,398
"2672",2012-04-25,442
"2673",2012-04-26,426
"2674",2012-04-27,460
"2675",2012-04-28,357
"2676",2012-04-29,304
"2677",2012-04-30,419
"2678",2012-05-01,376
"2679",2012-05-02,362
"2680",2012-05-03,351
"2681",2012-05-04,390
"2682",2012-05-05,353
"2683",2012-05-06,269
"2684",2012-05-07,242
"2685",2012-05-08,413
"2686",2012-05-09,391
"2687",2012-05-10,354
"2688",2012-05-11,473
"2689",2012-05-12,380
"2690",2012-05-13,307
"2691",2012-05-14,409
"2692",2012-05-15,419
"2693",2012-05-16,419
"2694",2012-05-17,421
"2695",2012-05-18,379
"2696",2012-05-19,324
"2697",2012-05-20,263
"2698",2012-05-21,380
"2699",2012-05-22,446
"2700",2012-05-23,451
"2701",2012-05-24,481
"2702",2012-05-25,612
"2703",2012-05-26,527
"2704",2012-05-27,392
"2705",2012-05-28,482
"2706",2012-05-29,441
"2707",2012-05-30,492
"2708",2012-05-31,440
"2709",2012-06-01,415
"2710",2012-06-02,345
"2711",2012-06-03,370
"2712",2012-06-04,256
"2713",2012-06-05,291
"2714",2012-06-06,397
"2715",2012-06-07,415
"2716",2012-06-08,392
"2717",2012-06-09,341
"2718",2012-06-10,261
"2719",2012-06-11,365
"2720",2012-06-12,361
"2721",2012-06-13,415
"2722",2012-06-14,383
"2723",2012-06-15,467
"2724",2012-06-16,386
"2725",2012-06-17,296
"2726",2012-06-18,411
"2727",2012-06-19,405
"2728",2012-06-20,457
"2729",2012-06-21,449
"2730",2012-06-22,435
"2731",2012-06-23,343
"2732",2012-06-24,315
"2733",2012-06-25,398
"2734",2012-06-26,415
"2735",2012-06-27,398
"2736",2012-06-28,465
"2737",2012-06-29,437
"2738",2012-06-30,386
"2739",2012-07-01,347
"2740",2012-07-02,452
"2741",2012-07-03,460
"2742",2012-07-04,436
"2743",2012-07-05,390
"2744",2012-07-06,470
"2745",2012-07-07,385
"2746",2012-07-08,333
"2747",2012-07-09,350
"2748",2012-07-10,424
"2749",2012-07-11,462
"2750",2012-07-12,441
"2751",2012-07-13,440
"2752",2012-07-14,353
"2753",2012-07-15,353
"2754",2012-07-16,401
"2755",2012-07-17,398
"2756",2012-07-18,441
"2757",2012-07-19,414
"2758",2012-07-20,460
"2759",2012-07-21,367
"2760",2012-07-22,335
"2761",2012-07-23,517
"2762",2012-07-24,493
"2763",2012-07-25,478
"2764",2012-07-26,474
"2765",2012-07-27,422
"2766",2012-07-28,389
"2767",2012-07-29,336
"2768",2012-07-30,411
"2769",2012-07-31,386
"2770",2012-08-01,359
"2771",2012-08-02,412
"2772",2012-08-03,412
"2773",2012-08-04,349
"2774",2012-08-05,295
"2775",2012-08-06,413
"2776",2012-08-07,392
"2777",2012-08-08,399
"2778",2012-08-09,374
"2779",2012-08-10,452
"2780",2012-08-11,386
"2781",2012-08-12,337
"2782",2012-08-13,288
"2783",2012-08-14,393
"2784",2012-08-15,412
"2785",2012-08-16,395
"2786",2012-08-17,423
"2787",2012-08-18,392
"2788",2012-08-19,344
"2789",2012-08-20,407
"2790",2012-08-21,393
"2791",2012-08-22,366
"2792",2012-08-23,377
"2793",2012-08-24,435
"2794",2012-08-25,418
"2795",2012-08-26,271
"2796",2012-08-27,272
"2797",2012-08-28,449
"2798",2012-08-29,387
"2799",2012-08-30,440
"2800",2012-08-31,436
"2801",2012-09-01,297
"2802",2012-09-02,310
"2803",2012-09-03,414
"2804",2012-09-04,429
"2805",2012-09-05,489
"2806",2012-09-06,500
"2807",2012-09-07,559
"2808",2012-09-08,443
"2809",2012-09-09,395
"2810",2012-09-10,402
"2811",2012-09-11,448
"2812",2012-09-12,503
"2813",2012-09-13,454
"2814",2012-09-14,461
"2815",2012-09-15,440
"2816",2012-09-16,296
"2817",2012-09-17,391
"2818",2012-09-18,478
"2819",2012-09-19,491
"2820",2012-09-20,442
"2821",2012-09-21,509
"2822",2012-09-22,435
"2823",2012-09-23,344
"2824",2012-09-24,483
"2825",2012-09-25,491
"2826",2012-09-26,493
"2827",2012-09-27,455
"2828",2012-09-28,469
"2829",2012-09-29,440
"2830",2012-09-30,305
"2831",2012-10-01,434
"2832",2012-10-02,444
"2833",2012-10-03,473
"2834",2012-10-04,467
"2835",2012-10-05,530
"2836",2012-10-06,438
"2837",2012-10-07,302
"2838",2012-10-08,388
"2839",2012-10-09,453
"2840",2012-10-10,360
"2841",2012-10-11,487
"2842",2012-10-12,540
"2843",2012-10-13,376
"2844",2012-10-14,346
"2845",2012-10-15,407
"2846",2012-10-16,470
"2847",2012-10-17,538
"2848",2012-10-18,437
"2849",2012-10-19,488
"2850",2012-10-20,381
"2851",2012-10-21,303
"2852",2012-10-22,407
"2853",2012-10-23,385
"2854",2012-10-24,405
"2855",2012-10-25,410
"2856",2012-10-26,432
"2857",2012-10-27,450
"2858",2012-10-28,298
"2859",2012-10-29,413
"2860",2012-10-30,395
"2861",2012-10-31,463
"2862",2012-11-01,453
"2863",2012-11-02,506
"2864",2012-11-03,411
"2865",2012-11-04,295
"2866",2012-11-05,515
"2867",2012-11-06,482
"2868",2012-11-07,513
"2869",2012-11-08,457
"2870",2012-11-09,430
"2871",2012-11-10,410
"2872",2012-11-11,337
"2873",2012-11-12,472
"2874",2012-11-13,396
"2875",2012-11-14,439
"2876",2012-11-15,418
"2877",2012-11-16,436
"2878",2012-11-17,350
"2879",2012-11-18,352
"2880",2012-11-19,418
"2881",2012-11-20,492
"2882",2012-11-21,516
"2883",2012-11-22,512
"2884",2012-11-23,527
"2885",2012-11-24,385
"2886",2012-11-25,309
"2887",2012-11-26,464
"2888",2012-11-27,473
"2889",2012-11-28,438
"2890",2012-11-29,567
"2891",2012-11-30,532
"2892",2012-12-01,412
"2893",2012-12-02,325
"2894",2012-12-03,444
"2895",2012-12-04,510
"2896",2012-12-05,570
"2897",2012-12-06,446
"2898",2012-12-07,577
"2899",2012-12-08,388
"2900",2012-12-09,267
"2901",2012-12-10,509
"2902",2012-12-11,476
"2903",2012-12-12,345
"2904",2012-12-13,410
"2905",2012-12-14,529
"2906",2012-12-15,359
"2907",2012-12-16,321
"2908",2012-12-17,456
"2909",2012-12-18,461
"2910",2012-12-19,480
"2911",2012-12-20,540
"2912",2012-12-21,476
"2913",2012-12-22,387
"2914",2012-12-23,251
"2915",2012-12-24,324
"2916",2012-12-25,144
"2917",2012-12-26,219
"2918",2012-12-27,290
"2919",2012-12-28,197
"2920",2012-12-29,202
"2921",2012-12-30,213
"2922",2012-12-31,257
"2923",2013-01-01,262
"2924",2013-01-02,277
"2925",2013-01-03,256
"2926",2013-01-04,314
"2927",2013-01-05,268
"2928",2013-01-06,208
"2929",2013-01-07,350
"2930",2013-01-08,397
"2931",2013-01-09,450
"2932",2013-01-10,425
"2933",2013-01-11,449
"2934",2013-01-12,318
"2935",2013-01-13,235
"2936",2013-01-14,420
"2937",2013-01-15,410
"2938",2013-01-16,363
"2939",2013-01-17,381
"2940",2013-01-18,382
"2941",2013-01-19,173
"2942",2013-01-20,180
"2943",2013-01-21,237
"2944",2013-01-22,294
"2945",2013-01-23,277
"2946",2013-01-24,329
"2947",2013-01-25,408
"2948",2013-01-26,322
"2949",2013-01-27,227
"2950",2013-01-28,490
"2951",2013-01-29,383
"2952",2013-01-30,348
"2953",2013-01-31,393
"2954",2013-02-01,434
"2955",2013-02-02,383
"2956",2013-02-03,233
"2957",2013-02-04,330
"2958",2013-02-05,416
"2959",2013-02-06,400
"2960",2013-02-07,393
"2961",2013-02-08,405
"2962",2013-02-09,297
"2963",2013-02-10,301
"2964",2013-02-11,310
"2965",2013-02-12,312
"2966",2013-02-13,437
"2967",2013-02-14,391
"2968",2013-02-15,438
"2969",2013-02-16,308
"2970",2013-02-17,312
"2971",2013-02-18,357
"2972",2013-02-19,448
"2973",2013-02-20,294
"2974",2013-02-21,264
"2975",2013-02-22,286
"2976",2013-02-23,242
"2977",2013-02-24,189
"2978",2013-02-25,358
"2979",2013-02-26,373
"2980",2013-02-27,403
"2981",2013-02-28,407
"2982",2013-03-01,344
"2983",2013-03-02,333
"2984",2013-03-03,248
"2985",2013-03-04,384
"2986",2013-03-05,469
"2987",2013-03-06,349
"2988",2013-03-07,402
"2989",2013-03-08,432
"2990",2013-03-09,339
"2991",2013-03-10,223
"2992",2013-03-11,463
"2993",2013-03-12,332
"2994",2013-03-13,364
"2995",2013-03-14,431
"2996",2013-03-15,446
"2997",2013-03-16,321
"2998",2013-03-17,236
"2999",2013-03-18,356
"3000",2013-03-19,355
"3001",2013-03-20,297
"3002",2013-03-21,334
"3003",2013-03-22,402
"3004",2013-03-23,297
"3005",2013-03-24,180
"3006",2013-03-25,251
"3007",2013-03-26,296
"3008",2013-03-27,313
"3009",2013-03-28,333
"3010",2013-03-29,288
"3011",2013-03-30,264
"3012",2013-03-31,202
"3013",2013-04-01,216
"3014",2013-04-02,347
"3015",2013-04-03,332
"3016",2013-04-04,263
"3017",2013-04-05,309
"3018",2013-04-06,297
"3019",2013-04-07,237
"3020",2013-04-08,244
"3021",2013-04-09,281
"3022",2013-04-10,332
"3023",2013-04-11,324
"3024",2013-04-12,377
"3025",2013-04-13,341
"3026",2013-04-14,278
"3027",2013-04-15,307
"3028",2013-04-16,399
"3029",2013-04-17,336
"3030",2013-04-18,370
"3031",2013-04-19,438
"3032",2013-04-20,395
"3033",2013-04-21,275
"3034",2013-04-22,331
"3035",2013-04-23,404
"3036",2013-04-24,349
"3037",2013-04-25,364
"3038",2013-04-26,447
"3039",2013-04-27,352
"3040",2013-04-28,235
"3041",2013-04-29,392
"3042",2013-04-30,390
"3043",2013-05-01,384
"3044",2013-05-02,446
"3045",2013-05-03,469
"3046",2013-05-04,330
"3047",2013-05-05,304
"3048",2013-05-06,342
"3049",2013-05-07,479
"3050",2013-05-08,376
"3051",2013-05-09,420
"3052",2013-05-10,413
"3053",2013-05-11,288
"3054",2013-05-12,262
"3055",2013-05-13,389
"3056",2013-05-14,407
"3057",2013-05-15,387
"3058",2013-05-16,410
"3059",2013-05-17,371
"3060",2013-05-18,330
"3061",2013-05-19,314
"3062",2013-05-20,296
"3063",2013-05-21,360
"3064",2013-05-22,350
"3065",2013-05-23,406
"3066",2013-05-24,454
"3067",2013-05-25,415
"3068",2013-05-26,326
"3069",2013-05-27,300
"3070",2013-05-28,370
"3071",2013-05-29,322
"3072",2013-05-30,318
"3073",2013-05-31,411
"3074",2013-06-01,349
"3075",2013-06-02,348
"3076",2013-06-03,466
"3077",2013-06-04,501
"3078",2013-06-05,424
"3079",2013-06-06,460
"3080",2013-06-07,495
"3081",2013-06-08,404
"3082",2013-06-09,312
"3083",2013-06-10,353
"3084",2013-06-11,379
"3085",2013-06-12,406
"3086",2013-06-13,378
"3087",2013-06-14,477
"3088",2013-06-15,374
"3089",2013-06-16,291
"3090",2013-06-17,316
"3091",2013-06-18,370
"3092",2013-06-19,412
"3093",2013-06-20,409
"3094",2013-06-21,456
"3095",2013-06-22,336
"3096",2013-06-23,263
"3097",2013-06-24,346
"3098",2013-06-25,413
"3099",2013-06-26,384
"3100",2013-06-27,480
"3101",2013-06-28,540
"3102",2013-06-29,361
"3103",2013-06-30,340
"3104",2013-07-01,420
"3105",2013-07-02,397
"3106",2013-07-03,421
"3107",2013-07-04,440
"3108",2013-07-05,487
"3109",2013-07-06,418
"3110",2013-07-07,370
"3111",2013-07-08,451
"3112",2013-07-09,545
"3113",2013-07-10,445
"3114",2013-07-11,467
"3115",2013-07-12,451
"3116",2013-07-13,433
"3117",2013-07-14,349
"3118",2013-07-15,416
"3119",2013-07-16,416
"3120",2013-07-17,410
"3121",2013-07-18,509
"3122",2013-07-19,536
"3123",2013-07-20,328
"3124",2013-07-21,322
"3125",2013-07-22,403
"3126",2013-07-23,391
"3127",2013-07-24,433
"3128",2013-07-25,395
"3129",2013-07-26,485
"3130",2013-07-27,360
"3131",2013-07-28,323
"3132",2013-07-29,407
"3133",2013-07-30,400
"3134",2013-07-31,384
"3135",2013-08-01,421
"3136",2013-08-02,418
"3137",2013-08-03,359
"3138",2013-08-04,326
"3139",2013-08-05,418
"3140",2013-08-06,353
"3141",2013-08-07,377
"3142",2013-08-08,357
"3143",2013-08-09,431
"3144",2013-08-10,340
"3145",2013-08-11,313
"3146",2013-08-12,357
"3147",2013-08-13,362
"3148",2013-08-14,384
"3149",2013-08-15,422
"3150",2013-08-16,491
"3151",2013-08-17,355
"3152",2013-08-18,300
"3153",2013-08-19,376
"3154",2013-08-20,379
"3155",2013-08-21,384
"3156",2013-08-22,420
"3157",2013-08-23,412
"3158",2013-08-24,388
"3159",2013-08-25,298
"3160",2013-08-26,334
"3161",2013-08-27,385
"3162",2013-08-28,399
"3163",2013-08-29,435
"3164",2013-08-30,407
"3165",2013-08-31,373
"3166",2013-09-01,298
"3167",2013-09-02,408
"3168",2013-09-03,412
"3169",2013-09-04,462
"3170",2013-09-05,448
"3171",2013-09-06,526
"3172",2013-09-07,381
"3173",2013-09-08,307
"3174",2013-09-09,458
"3175",2013-09-10,401
"3176",2013-09-11,442
"3177",2013-09-12,428
"3178",2013-09-13,486
"3179",2013-09-14,346
"3180",2013-09-15,319
"3181",2013-09-16,409
"3182",2013-09-17,434
"3183",2013-09-18,430
"3184",2013-09-19,469
"3185",2013-09-20,432
"3186",2013-09-21,321
"3187",2013-09-22,289
"3188",2013-09-23,414
"3189",2013-09-24,389
"3190",2013-09-25,371
"3191",2013-09-26,425
"3192",2013-09-27,461
"3193",2013-09-28,352
"3194",2013-09-29,295
"3195",2013-09-30,399
"3196",2013-10-01,418
"3197",2013-10-02,394
"3198",2013-10-03,465
"3199",2013-10-04,528
"3200",2013-10-05,348
"3201",2013-10-06,355
"3202",2013-10-07,394
"3203",2013-10-08,492
"3204",2013-10-09,426
"3205",2013-10-10,437
"3206",2013-10-11,523
"3207",2013-10-12,381
"3208",2013-10-13,327
"3209",2013-10-14,490
"3210",2013-10-15,462
"3211",2013-10-16,490
"3212",2013-10-17,492
"3213",2013-10-18,443
"3214",2013-10-19,424
"3215",2013-10-20,287
"3216",2013-10-21,473
"3217",2013-10-22,447
"3218",2013-10-23,438
"3219",2013-10-24,502
"3220",2013-10-25,512
"3221",2013-10-26,366
"3222",2013-10-27,319
"3223",2013-10-28,419
"3224",2013-10-29,432
"3225",2013-10-30,445
"3226",2013-10-31,393
"3227",2013-11-01,491
"3228",2013-11-02,396
"3229",2013-11-03,345
"3230",2013-11-04,531
"3231",2013-11-05,462
"3232",2013-11-06,480
"3233",2013-11-07,466
"3234",2013-11-08,523
"3235",2013-11-09,393
"3236",2013-11-10,377
"3237",2013-11-11,471
"3238",2013-11-12,478
"3239",2013-11-13,495
"3240",2013-11-14,439
"3241",2013-11-15,487
"3242",2013-11-16,396
"3243",2013-11-17,264
"3244",2013-11-18,449
"3245",2013-11-19,519
"3246",2013-11-20,450
"3247",2013-11-21,406
"3248",2013-11-22,492
"3249",2013-11-23,353
"3250",2013-11-24,241
"3251",2013-11-25,410
"3252",2013-11-26,465
"3253",2013-11-27,509
"3254",2013-11-28,493
"3255",2013-11-29,501
"3256",2013-11-30,386
"3257",2013-12-01,279
"3258",2013-12-02,385
"3259",2013-12-03,384
"3260",2013-12-04,486
"3261",2013-12-05,452
"3262",2013-12-06,478
"3263",2013-12-07,393
"3264",2013-12-08,311
"3265",2013-12-09,451
"3266",2013-12-10,457
"3267",2013-12-11,483
"3268",2013-12-12,462
"3269",2013-12-13,507
"3270",2013-12-14,377
"3271",2013-12-15,316
"3272",2013-12-16,433
"3273",2013-12-17,499
"3274",2013-12-18,468
"3275",2013-12-19,490
"3276",2013-12-20,617
"3277",2013-12-21,372
"3278",2013-12-22,270
"3279",2013-12-23,409
"3280",2013-12-24,393
"3281",2013-12-25,189
"3282",2013-12-26,266
"3283",2013-12-27,234
"3284",2013-12-28,251
"3285",2013-12-29,295
"3286",2013-12-30,242
"3287",2013-12-31,238
"3288",2014-01-01,267
"3289",2014-01-02,328
"3290",2014-01-03,308
"3291",2014-01-04,272
"3292",2014-01-05,269
"3293",2014-01-06,359
"3294",2014-01-07,395
"3295",2014-01-08,413
"3296",2014-01-09,388
"3297",2014-01-10,473
"3298",2014-01-11,431
"3299",2014-01-12,242
"3300",2014-01-13,510
"3301",2014-01-14,567
"3302",2014-01-15,423
"3303",2014-01-16,442
"3304",2014-01-17,454
"3305",2014-01-18,298
"3306",2014-01-19,244
"3307",2014-01-20,493
"3308",2014-01-21,426
"3309",2014-01-22,408
"3310",2014-01-23,401
"3311",2014-01-24,516
"3312",2014-01-25,373
"3313",2014-01-26,240
"3314",2014-01-27,428
"3315",2014-01-28,416
"3316",2014-01-29,435
"3317",2014-01-30,398
"3318",2014-01-31,469
"3319",2014-02-01,409
"3320",2014-02-02,272
"3321",2014-02-03,351
"3322",2014-02-04,430
"3323",2014-02-05,431
"3324",2014-02-06,452
"3325",2014-02-07,508
"3326",2014-02-08,369
"3327",2014-02-09,257
"3328",2014-02-10,440
"3329",2014-02-11,414
"3330",2014-02-12,409
"3331",2014-02-13,475
"3332",2014-02-14,426
"3333",2014-02-15,291
"3334",2014-02-16,333
"3335",2014-02-17,345
"3336",2014-02-18,363
"3337",2014-02-19,352
"3338",2014-02-20,370
"3339",2014-02-21,405
"3340",2014-02-22,306
"3341",2014-02-23,253
"3342",2014-02-24,377
"3343",2014-02-25,419
"3344",2014-02-26,428
"3345",2014-02-27,420
"3346",2014-02-28,475
"3347",2014-03-01,392
"3348",2014-03-02,286
"3349",2014-03-03,479
"3350",2014-03-04,445
"3351",2014-03-05,403
"3352",2014-03-06,391
"3353",2014-03-07,487
"3354",2014-03-08,324
"3355",2014-03-09,345
"3356",2014-03-10,403
"3357",2014-03-11,371
"3358",2014-03-12,416
"3359",2014-03-13,415
"3360",2014-03-14,417
"3361",2014-03-15,337
"3362",2014-03-16,350
"3363",2014-03-17,330
"3364",2014-03-18,388
"3365",2014-03-19,358
"3366",2014-03-20,423
"3367",2014-03-21,495
"3368",2014-03-22,348
"3369",2014-03-23,283
"3370",2014-03-24,425
"3371",2014-03-25,405
"3372",2014-03-26,381
"3373",2014-03-27,425
"3374",2014-03-28,411
"3375",2014-03-29,367
"3376",2014-03-30,300
"3377",2014-03-31,315
"3378",2014-04-01,432
"3379",2014-04-02,356
"3380",2014-04-03,393
"3381",2014-04-04,388
"3382",2014-04-05,325
"3383",2014-04-06,229
"3384",2014-04-07,400
"3385",2014-04-08,391
"3386",2014-04-09,416
"3387",2014-04-10,365
"3388",2014-04-11,449
"3389",2014-04-12,291
"3390",2014-04-13,345
"3391",2014-04-14,392
"3392",2014-04-15,430
"3393",2014-04-16,406
"3394",2014-04-17,344
"3395",2014-04-18,349
"3396",2014-04-19,362
"3397",2014-04-20,276
"3398",2014-04-21,284
"3399",2014-04-22,350
"3400",2014-04-23,380
"3401",2014-04-24,409
"3402",2014-04-25,461
"3403",2014-04-26,329
"3404",2014-04-27,293
"3405",2014-04-28,384
"3406",2014-04-29,366
"3407",2014-04-30,413
"3408",2014-05-01,434
"3409",2014-05-02,435
"3410",2014-05-03,386
"3411",2014-05-04,327
"3412",2014-05-05,296
"3413",2014-05-06,406
"3414",2014-05-07,424
"3415",2014-05-08,435
"3416",2014-05-09,471
"3417",2014-05-10,311
"3418",2014-05-11,291
"3419",2014-05-12,443
"3420",2014-05-13,435
"3421",2014-05-14,463
"3422",2014-05-15,488
"3423",2014-05-16,453
"3424",2014-05-17,419
"3425",2014-05-18,375
"3426",2014-05-19,423
"3427",2014-05-20,368
"3428",2014-05-21,482
"3429",2014-05-22,462
"3430",2014-05-23,481
"3431",2014-05-24,353
"3432",2014-05-25,338
"3433",2014-05-26,299
"3434",2014-05-27,396
"3435",2014-05-28,392
"3436",2014-05-29,320
"3437",2014-05-30,355
"3438",2014-05-31,342
"3439",2014-06-01,327
"3440",2014-06-02,380
"3441",2014-06-03,405
"3442",2014-06-04,443
"3443",2014-06-05,463
"3444",2014-06-06,522
"3445",2014-06-07,369
"3446",2014-06-08,347
"3447",2014-06-09,382
"3448",2014-06-10,464
"3449",2014-06-11,422
"3450",2014-06-12,495
"3451",2014-06-13,502
"3452",2014-06-14,338
"3453",2014-06-15,307
"3454",2014-06-16,388
"3455",2014-06-17,421
"3456",2014-06-18,436
"3457",2014-06-19,417
"3458",2014-06-20,472
"3459",2014-06-21,407
"3460",2014-06-22,353
"3461",2014-06-23,449
"3462",2014-06-24,460
"3463",2014-06-25,483
"3464",2014-06-26,453
"3465",2014-06-27,507
"3466",2014-06-28,393
"3467",2014-06-29,332
"3468",2014-06-30,395
"3469",2014-07-01,450
"3470",2014-07-02,396
"3471",2014-07-03,418
"3472",2014-07-04,492
"3473",2014-07-05,410
"3474",2014-07-06,329
"3475",2014-07-07,420
"3476",2014-07-08,431
"3477",2014-07-09,434
"3478",2014-07-10,454
"3479",2014-07-11,483
"3480",2014-07-12,397
"3481",2014-07-13,341
"3482",2014-07-14,364
"3483",2014-07-15,377
"3484",2014-07-16,428
"3485",2014-07-17,489
"3486",2014-07-18,485
"3487",2014-07-19,437
"3488",2014-07-20,330
"3489",2014-07-21,402
"3490",2014-07-22,474
"3491",2014-07-23,465
"3492",2014-07-24,481
"3493",2014-07-25,483
"3494",2014-07-26,389
"3495",2014-07-27,348
"3496",2014-07-28,376
"3497",2014-07-29,423
"3498",2014-07-30,425
"3499",2014-07-31,395
"3500",2014-08-01,527
"3501",2014-08-02,389
"3502",2014-08-03,332
"3503",2014-08-04,401
"3504",2014-08-05,384
"3505",2014-08-06,420
"3506",2014-08-07,393
"3507",2014-08-08,445
"3508",2014-08-09,428
"3509",2014-08-10,313
"3510",2014-08-11,409
"3511",2014-08-12,384
"3512",2014-08-13,441
"3513",2014-08-14,428
"3514",2014-08-15,406
"3515",2014-08-16,315
"3516",2014-08-17,324
"3517",2014-08-18,413
"3518",2014-08-19,401
"3519",2014-08-20,402
"3520",2014-08-21,379
"3521",2014-08-22,449
"3522",2014-08-23,369
"3523",2014-08-24,315
"3524",2014-08-25,364
"3525",2014-08-26,419
"3526",2014-08-27,353
"3527",2014-08-28,400
"3528",2014-08-29,436
"3529",2014-08-30,317
"3530",2014-08-31,352
"3531",2014-09-01,384
"3532",2014-09-02,440
"3533",2014-09-03,369
"3534",2014-09-04,366
"3535",2014-09-05,397
"3536",2014-09-06,336
"3537",2014-09-07,362
"3538",2014-09-08,458
"3539",2014-09-09,470
"3540",2014-09-10,410
"3541",2014-09-11,411
"3542",2014-09-12,453
"3543",2014-09-13,336
"3544",2014-09-14,259
"3545",2014-09-15,418
"3546",2014-09-16,422
"3547",2014-09-17,394
"3548",2014-09-18,420
"3549",2014-09-19,464
"3550",2014-09-20,331
"3551",2014-09-21,346
"3552",2014-09-22,434
"3553",2014-09-23,419
"3554",2014-09-24,470
"3555",2014-09-25,372
"3556",2014-09-26,434
"3557",2014-09-27,351
"3558",2014-09-28,297
"3559",2014-09-29,398
"3560",2014-09-30,411
"3561",2014-10-01,468
"3562",2014-10-02,450
"3563",2014-10-03,512
"3564",2014-10-04,456
"3565",2014-10-05,328
"3566",2014-10-06,531
"3567",2014-10-07,545
"3568",2014-10-08,516
"3569",2014-10-09,530
"3570",2014-10-10,560
"3571",2014-10-11,376
"3572",2014-10-12,294
"3573",2014-10-13,468
"3574",2014-10-14,441
"3575",2014-10-15,431
"3576",2014-10-16,477
"3577",2014-10-17,520
"3578",2014-10-18,326
"3579",2014-10-19,333
"3580",2014-10-20,406
"3581",2014-10-21,411
"3582",2014-10-22,404
"3583",2014-10-23,400
"3584",2014-10-24,443
"3585",2014-10-25,366
"3586",2014-10-26,268
"3587",2014-10-27,393
"3588",2014-10-28,491
"3589",2014-10-29,432
"3590",2014-10-30,413
"3591",2014-10-31,461
"3592",2014-11-01,425
"3593",2014-11-02,319
"3594",2014-11-03,486
"3595",2014-11-04,532
"3596",2014-11-05,464
"3597",2014-11-06,427
"3598",2014-11-07,500
"3599",2014-11-08,407
"3600",2014-11-09,341
"3601",2014-11-10,467
"3602",2014-11-11,488
"3603",2014-11-12,538
"3604",2014-11-13,487
"3605",2014-11-14,532
"3606",2014-11-15,385
"3607",2014-11-16,277
"3608",2014-11-17,429
"3609",2014-11-18,497
"3610",2014-11-19,452
"3611",2014-11-20,453
"3612",2014-11-21,489
"3613",2014-11-22,423
"3614",2014-11-23,317
"3615",2014-11-24,502
"3616",2014-11-25,510
"3617",2014-11-26,481
"3618",2014-11-27,423
"3619",2014-11-28,490
"3620",2014-11-29,389
"3621",2014-11-30,316
"3622",2014-12-01,374
"3623",2014-12-02,456
"3624",2014-12-03,484
"3625",2014-12-04,460
"3626",2014-12-05,554
"3627",2014-12-06,468
"3628",2014-12-07,276
"3629",2014-12-08,540
"3630",2014-12-09,513
"3631",2014-12-10,477
"3632",2014-12-11,472
"3633",2014-12-12,498
"3634",2014-12-13,481
"3635",2014-12-14,294
"3636",2014-12-15,434
"3637",2014-12-16,543
"3638",2014-12-17,445
"3639",2014-12-18,448
"3640",2014-12-19,493
"3641",2014-12-20,303
"3642",2014-12-21,266
"3643",2014-12-22,367
"3644",2014-12-23,346
"3645",2014-12-24,348
"3646",2014-12-25,128
"3647",2014-12-26,265
"3648",2014-12-27,269
"3649",2014-12-28,249
"3650",2014-12-29,285
"3651",2014-12-30,277
"3652",2014-12-31,223
"3653",2015-01-01,235
"3654",2015-01-02,261
"3655",2015-01-03,240
"3656",2015-01-04,214
"3657",2015-01-05,296
"3658",2015-01-06,424
"3659",2015-01-07,355
"3660",2015-01-08,458
"3661",2015-01-09,459
"3662",2015-01-10,279
"3663",2015-01-11,229
"3664",2015-01-12,402
"3665",2015-01-13,504
"3666",2015-01-14,489
"3667",2015-01-15,396
"3668",2015-01-16,491
"3669",2015-01-17,369
"3670",2015-01-18,278
"3671",2015-01-19,395
"3672",2015-01-20,438
"3673",2015-01-21,376
"3674",2015-01-22,383
"3675",2015-01-23,496
"3676",2015-01-24,394
"3677",2015-01-25,248
"3678",2015-01-26,397
"3679",2015-01-27,395
"3680",2015-01-28,424
"3681",2015-01-29,473
"3682",2015-01-30,469
"3683",2015-01-31,334
"3684",2015-02-01,233
"3685",2015-02-02,373
"3686",2015-02-03,414
"3687",2015-02-04,429
"3688",2015-02-05,388
"3689",2015-02-06,451
"3690",2015-02-07,344
"3691",2015-02-08,319
"3692",2015-02-09,442
"3693",2015-02-10,383
"3694",2015-02-11,372
"3695",2015-02-12,342
"3696",2015-02-13,430
"3697",2015-02-14,317
"3698",2015-02-15,252
"3699",2015-02-16,344
"3700",2015-02-17,459
"3701",2015-02-18,406
"3702",2015-02-19,369
"3703",2015-02-20,373
"3704",2015-02-21,347
"3705",2015-02-22,262
"3706",2015-02-23,388
"3707",2015-02-24,410
"3708",2015-02-25,335
"3709",2015-02-26,340
"3710",2015-02-27,435
"3711",2015-02-28,327
"3712",2015-03-01,250
"3713",2015-03-02,416
"3714",2015-03-03,426
"3715",2015-03-04,429
"3716",2015-03-05,360
"3717",2015-03-06,404
"3718",2015-03-07,360
"3719",2015-03-08,316
"3720",2015-03-09,336
"3721",2015-03-10,463
"3722",2015-03-11,352
"3723",2015-03-12,362
"3724",2015-03-13,397
"3725",2015-03-14,263
"3726",2015-03-15,252
"3727",2015-03-16,329
"3728",2015-03-17,358
"3729",2015-03-18,349
"3730",2015-03-19,315
"3731",2015-03-20,385
"3732",2015-03-21,311
"3733",2015-03-22,262
"3734",2015-03-23,366
"3735",2015-03-24,401
"3736",2015-03-25,420
"3737",2015-03-26,382
"3738",2015-03-27,401
"3739",2015-03-28,317
"3740",2015-03-29,245
"3741",2015-03-30,336
"3742",2015-03-31,376
"3743",2015-04-01,332
"3744",2015-04-02,354
"3745",2015-04-03,303
"3746",2015-04-04,278
"3747",2015-04-05,245
"3748",2015-04-06,352
"3749",2015-04-07,334
"3750",2015-04-08,334
"3751",2015-04-09,345
"3752",2015-04-10,397
"3753",2015-04-11,335
"3754",2015-04-12,254
"3755",2015-04-13,306
"3756",2015-04-14,420
"3757",2015-04-15,401
"3758",2015-04-16,389
"3759",2015-04-17,409
"3760",2015-04-18,347
"3761",2015-04-19,251
"3762",2015-04-20,424
"3763",2015-04-21,412
"3764",2015-04-22,438
"3765",2015-04-23,437
"3766",2015-04-24,435
"3767",2015-04-25,358
"3768",2015-04-26,313
"3769",2015-04-27,410
"3770",2015-04-28,439
"3771",2015-04-29,411
"3772",2015-04-30,411
"3773",2015-05-01,398
"3774",2015-05-02,346
"3775",2015-05-03,301
"3776",2015-05-04,317
"3777",2015-05-05,409
"3778",2015-05-06,401
"3779",2015-05-07,421
"3780",2015-05-08,418
"3781",2015-05-09,315
"3782",2015-05-10,257
"3783",2015-05-11,364
"3784",2015-05-12,433
"3785",2015-05-13,476
"3786",2015-05-14,437
"3787",2015-05-15,441
"3788",2015-05-16,378
"3789",2015-05-17,312
"3790",2015-05-18,431
"3791",2015-05-19,434
"3792",2015-05-20,441
"3793",2015-05-21,412
"3794",2015-05-22,388
"3795",2015-05-23,336
"3796",2015-05-24,274
"3797",2015-05-25,261
"3798",2015-05-26,350
"3799",2015-05-27,348
"3800",2015-05-28,361
"3801",2015-05-29,370
"3802",2015-05-30,334
"3803",2015-05-31,277
"3804",2015-06-01,382
"3805",2015-06-02,400
"3806",2015-06-03,420
"3807",2015-06-04,464
"3808",2015-06-05,446
"3809",2015-06-06,381
"3810",2015-06-07,368
"3811",2015-06-08,427
"3812",2015-06-09,409
"3813",2015-06-10,448
"3814",2015-06-11,493
"3815",2015-06-12,431
"3816",2015-06-13,378
"3817",2015-06-14,288
"3818",2015-06-15,371
"3819",2015-06-16,383
"3820",2015-06-17,394
"3821",2015-06-18,405
"3822",2015-06-19,421
"3823",2015-06-20,333
"3824",2015-06-21,300
"3825",2015-06-22,418
"3826",2015-06-23,421
"3827",2015-06-24,391
"3828",2015-06-25,430
"3829",2015-06-26,462
"3830",2015-06-27,364
"3831",2015-06-28,304
"3832",2015-06-29,427
"3833",2015-06-30,499
"3834",2015-07-01,471
"3835",2015-07-02,467
"3836",2015-07-03,509
"3837",2015-07-04,391
"3838",2015-07-05,341
"3839",2015-07-06,409
"3840",2015-07-07,463
"3841",2015-07-08,412
"3842",2015-07-09,455
"3843",2015-07-10,452
"3844",2015-07-11,401
"3845",2015-07-12,359
"3846",2015-07-13,483
"3847",2015-07-14,365
"3848",2015-07-15,427
"3849",2015-07-16,396
"3850",2015-07-17,468
"3851",2015-07-18,372
"3852",2015-07-19,323
"3853",2015-07-20,410
"3854",2015-07-21,434
"3855",2015-07-22,377
"3856",2015-07-23,377
"3857",2015-07-24,463
"3858",2015-07-25,430
"3859",2015-07-26,359
"3860",2015-07-27,391
"3861",2015-07-28,359
"3862",2015-07-29,381
"3863",2015-07-30,378
"3864",2015-07-31,448
"3865",2015-08-01,364
"3866",2015-08-02,357
"3867",2015-08-03,350
"3868",2015-08-04,375
"3869",2015-08-05,351
"3870",2015-08-06,401
"3871",2015-08-07,423
"3872",2015-08-08,386
"3873",2015-08-09,350
"3874",2015-08-10,333
"3875",2015-08-11,389
"3876",2015-08-12,381
"3877",2015-08-13,364
"3878",2015-08-14,445
"3879",2015-08-15,359
"3880",2015-08-16,292
"3881",2015-08-17,330
"3882",2015-08-18,365
"3883",2015-08-19,415
"3884",2015-08-20,370
"3885",2015-08-21,386
"3886",2015-08-22,379
"3887",2015-08-23,340
"3888",2015-08-24,401
"3889",2015-08-25,415
"3890",2015-08-26,407
"3891",2015-08-27,377
"3892",2015-08-28,443
"3893",2015-08-29,341
"3894",2015-08-30,278
"3895",2015-08-31,303
"3896",2015-09-01,351
"3897",2015-09-02,411
"3898",2015-09-03,324
"3899",2015-09-04,369
"3900",2015-09-05,332
"3901",2015-09-06,325
"3902",2015-09-07,396
"3903",2015-09-08,362
"3904",2015-09-09,345
"3905",2015-09-10,467
"3906",2015-09-11,507
"3907",2015-09-12,400
"3908",2015-09-13,326
"3909",2015-09-14,452
"3910",2015-09-15,445
"3911",2015-09-16,437
"3912",2015-09-17,444
"3913",2015-09-18,425
"3914",2015-09-19,389
"3915",2015-09-20,320
"3916",2015-09-21,459
"3917",2015-09-22,429
"3918",2015-09-23,443
"3919",2015-09-24,452
"3920",2015-09-25,472
"3921",2015-09-26,369
"3922",2015-09-27,370
"3923",2015-09-28,451
"3924",2015-09-29,441
"3925",2015-09-30,488
"3926",2015-10-01,510
"3927",2015-10-02,524
"3928",2015-10-03,339
"3929",2015-10-04,324
"3930",2015-10-05,480
"3931",2015-10-06,503
"3932",2015-10-07,446
"3933",2015-10-08,429
"3934",2015-10-09,466
"3935",2015-10-10,309
"3936",2015-10-11,306
"3937",2015-10-12,399
"3938",2015-10-13,402
"3939",2015-10-14,465
"3940",2015-10-15,398
"3941",2015-10-16,391
"3942",2015-10-17,300
"3943",2015-10-18,268
"3944",2015-10-19,363
"3945",2015-10-20,431
"3946",2015-10-21,490
"3947",2015-10-22,384
"3948",2015-10-23,388
"3949",2015-10-24,357
"3950",2015-10-25,305
"3951",2015-10-26,396
"3952",2015-10-27,370
"3953",2015-10-28,415
"3954",2015-10-29,444
"3955",2015-10-30,443
"3956",2015-10-31,364
"3957",2015-11-01,348
"3958",2015-11-02,364
"3959",2015-11-03,399
"3960",2015-11-04,480
"3961",2015-11-05,535
"3962",2015-11-06,495
"3963",2015-11-07,393
"3964",2015-11-08,298
"3965",2015-11-09,396
"3966",2015-11-10,418
"3967",2015-11-11,406
"3968",2015-11-12,491
"3969",2015-11-13,513
"3970",2015-11-14,375
"3971",2015-11-15,264
"3972",2015-11-16,380
"3973",2015-11-17,423
"3974",2015-11-18,465
"3975",2015-11-19,410
"3976",2015-11-20,465
"3977",2015-11-21,398
"3978",2015-11-22,266
"3979",2015-11-23,421
"3980",2015-11-24,424
"3981",2015-11-25,430
"3982",2015-11-26,441
"3983",2015-11-27,492
"3984",2015-11-28,413
"3985",2015-11-29,302
"3986",2015-11-30,473
"3987",2015-12-01,438
"3988",2015-12-02,434
"3989",2015-12-03,459
"3990",2015-12-04,520
"3991",2015-12-05,325
"3992",2015-12-06,293
"3993",2015-12-07,436
"3994",2015-12-08,435
"3995",2015-12-09,466
"3996",2015-12-10,490
"3997",2015-12-11,491
"3998",2015-12-12,368
"3999",2015-12-13,285
"4000",2015-12-14,434
"4001",2015-12-15,495
"4002",2015-12-16,458
"4003",2015-12-17,412
"4004",2015-12-18,425
"4005",2015-12-19,344
"4006",2015-12-20,296
"4007",2015-12-21,410
"4008",2015-12-22,403
"4009",2015-12-23,428
"4010",2015-12-24,319
"4011",2015-12-25,180
"4012",2015-12-26,231
"4013",2015-12-27,259
"4014",2015-12-28,202
"4015",2015-12-29,301
"4016",2015-12-30,270
"4017",2015-12-31,323
