"","Number","Weight (N)","Stature (mm)","Head circumference (mm)","Shoulder breadth (mm)","Hand length (mm)","Hand breadth (mm)","Chest circumference (mm)","Waist circumference (mm)","Foot length (mm)","Foot breadth (mm)","Age (months)"
"1",1,124,842,473,232,100,50,478,469,131,62,24
"2",2,117,842,497,237,91,46,498,485,132,60,24
"3",3,113,846,467,240,97,45,467,457,123,53,24
"4",4,114,852,481,207,94,45,459,461,134,53,24
"5",5,121,875,479,231,90,49,493,472,135,59,24
"6",6,137,890,466,259,97,49,483,503,135,56,24
"7",7,127,898,495,235,98,46,484,455,156,58,24
"8",8,122,854,477,232,99,46,491,500,131,53,25
"9",9,138,872,475,241,97,50,522,481,140,60,25
"10",10,117,876,498,244,93,45,501,468,137,60,25
"11",11,121,876,490,230,94,46,507,475,137,56,25
"12",12,105,838,472,234,91,48,444,441,119,52,26
"13",13,138,858,490,261,102,54,484,476,142,63,26
"14",14,119,875,466,241,98,54,481,462,140,57,26
"15",15,153,881,482,253,107,56,552,531,154,69,28
"16",16,108,888,488,203,98,47,463,421,136,52,28
"17",17,156,910,504,237,109,54,534,517,138,58,28
"18",18,141,916,499,248,102,50,505,482,146,61,28
"19",19,109,865,478,213,99,45,473,442,136,60,29
"20",20,140,900,495,259,100,48,518,487,148,61,29
"21",21,124,905,480,239,101,46,490,476,141,56,29
"22",22,143,907,490,252,104,51,521,505,153,61,29
"23",23,147,925,486,249,111,53,527,523,150,60,29
"24",24,116,869,469,221,96,47,478,430,128,58,30
"25",25,137,874,503,239,104,55,518,475,161,60,30
"26",26,105,875,464,193,100,48,450,445,133,54,30
"27",27,133,888,487,242,100,49,498,483,137,59,30
"28",28,116,898,497,226,102,47,486,445,147,54,30
"29",29,122,867,465,241,106,51,497,444,138,53,31
"30",30,123,869,489,240,98,47,493,487,138,55,31
"31",31,139,893,495,237,106,54,497,492,138,61,31
"32",32,120,895,452,226,102,45,463,443,135,58,31
"33",33,115,914,472,230,102,48,460,388,139,56,31
"34",34,101,866,469,232,96,46,460,438,130,50,32
"35",35,115,867,459,236,107,51,475,433,151,60,32
"36",36,131,923,465,221,100,50,470,434,145,59,32
"37",37,125,944,478,249,106,45,489,462,147,51,32
"38",38,144,899,488,251,105,47,525,498,145,63,33
"39",39,146,928,498,251,103,52,511,471,149,64,33
"40",40,137,932,489,228,98,48,497,463,147,60,33
"41",41,141,944,475,246,105,47,488,488,150,61,33
"42",42,127,922,471,234,101,47,470,413,145,54,34
"43",43,135,926,485,213,105,52,477,454,144,60,34
"44",44,154,936,471,253,102,51,496,471,147,62,34
"45",45,130,937,492,246,102,46,502,493,140,55,34
"46",46,141,938,489,251,113,52,522,477,146,60,34
"47",47,155,958,467,258,102,56,533,493,151,67,34
"48",48,143,963,475,232,109,50,491,496,151,59,35
"49",49,131,972,481,229,107,47,485,447,148,62,35
"50",50,114,884,462,231,101,45,446,460,133,54,36
"51",51,157,922,483,260,102,49,508,494,133,61,36
"52",52,140,929,514,249,102,55,528,515,150,65,36
"53",53,148,949,477,234,103,55,521,482,147,59,36
"54",54,143,951,504,236,99,46,518,500,150,59,36
"55",55,137,954,517,230,113,50,497,462,156,64,36
"56",56,136,954,482,255,107,51,509,488,143,56,36
"57",57,166,958,497,262,107,55,533,514,145,61,36
"58",58,142,977,488,246,103,50,502,483,150,60,36
"59",59,175,994,502,254,109,53,530,521,157,68,36
"60",60,132,903,484,242,101,48,508,464,136,59,37
"61",61,152,929,502,227,95,47,508,532,139,60,37
"62",62,162,967,511,252,114,51,520,487,149,68,37
"63",63,125,969,473,241,115,51,457,434,148,56,37
"64",64,123,909,488,238,103,44,497,452,141,61,38
"65",65,141,947,507,234,111,56,482,483,161,66,38
"66",66,150,955,502,257,110,53,517,498,157,62,38
"67",67,145,959,495,236,103,50,493,458,148,64,38
"68",68,151,970,502,251,106,54,539,499,155,64,38
"69",69,140,980,496,245,111,51,492,488,156,58,38
"70",70,163,1004,481,258,112,53,550,491,171,66,38
"71",71,109,866,489,218,95,47,453,409,135,55,39
"72",72,106,899,466,235,95,47,434,444,140,60,39
"73",73,121,954,478,240,97,47,484,413,147,60,39
"74",74,142,958,500,250,107,51,510,480,140,58,39
"75",75,166,968,517,245,110,52,501,518,154,62,39
"76",76,152,971,497,251,107,53,505,499,160,63,39
"77",77,153,981,512,260,108,54,516,492,159,59,39
"78",78,159,987,489,268,116,55,526,488,158,66,39
"79",79,163,1011,514,259,110,52,533,515,150,62,39
"80",80,128,903,504,233,97,45,498,492,136,58,40
"81",81,132,937,485,246,101,50,505,495,143,59,40
"82",82,129,938,479,232,109,49,487,446,149,56,40
"83",83,131,945,485,239,103,50,498,451,144,61,40
"84",84,157,966,482,255,111,53,556,522,154,62,40
"85",85,159,975,506,265,105,58,540,494,150,64,40
"86",86,138,1018,485,228,115,51,498,446,152,56,40
"87",87,130,897,462,222,94,40,480,480,138,55,41
"88",88,142,918,503,255,107,50,513,508,138,57,41
"89",89,144,978,499,230,108,50,511,495,154,59,41
"90",90,156,985,499,258,102,51,556,547,151,64,41
"91",91,150,997,473,273,114,51,501,465,167,64,41
"92",92,167,1059,495,264,118,54,511,491,161,68,41
"93",93,136,947,464,226,104,52,497,472,147,65,42
"94",94,155,986,512,263,114,51,531,520,162,66,42
"95",95,177,1033,518,285,118,58,530,526,166,65,42
"96",96,181,1043,527,259,119,54,513,500,171,67,42
"97",97,133,927,489,241,94,46,528,470,140,60,43
"98",98,135,933,490,251,109,50,502,461,150,61,43
"99",99,129,943,488,238,105,48,475,430,150,64,43
"100",100,149,955,489,247,110,53,529,504,154,59,43
"101",101,146,968,473,254,102,52,489,446,149,62,43
"102",102,160,968,508,268,113,56,530,500,159,67,43
"103",103,132,987,499,238,112,52,478,461,160,64,43
"104",104,130,912,480,244,101,52,503,475,153,63,44
"105",105,137,974,500,217,104,49,495,489,151,57,44
"106",106,193,1043,503,275,118,58,550,556,165,67,44
"107",107,120,936,462,228,102,46,474,428,140,57,45
"108",108,137,963,485,245,105,54,498,465,145,57,45
"109",109,141,975,472,242,113,52,498,461,151,58,45
"110",110,160,1006,503,268,109,50,535,525,157,60,45
"111",111,165,1013,499,238,114,57,524,491,162,69,45
"112",112,149,1018,491,241,115,51,493,477,178,61,45
"113",113,155,1020,496,250,116,53,508,459,161,65,45
"114",114,161,1038,513,262,116,54,526,482,162,67,45
"115",115,175,1038,493,265,110,54,525,503,163,63,45
"116",116,146,955,501,260,109,47,542,530,156,57,46
"117",117,140,958,493,246,105,54,533,505,145,58,46
"118",118,146,968,498,252,111,52,527,514,153,61,46
"119",119,172,994,500,265,111,53,538,517,156,66,46
"120",120,165,997,489,253,116,51,532,491,163,61,46
"121",121,172,1018,498,272,123,55,548,518,165,68,46
"122",122,167,1044,486,280,115,56,532,478,163,66,46
"123",123,185,1047,489,280,120,55,539,498,167,71,46
"124",124,150,1050,508,258,127,57,528,490,175,64,46
"125",125,142,968,475,247,105,50,502,483,148,61,47
"126",126,151,975,481,262,112,50,532,506,142,61,47
"127",127,142,977,496,249,112,55,515,469,148,64,47
"128",128,151,988,496,239,114,54,496,491,151,61,47
"129",129,166,997,515,269,115,56,554,516,155,65,47
"130",130,159,1000,510,263,113,54,518,495,158,67,47
"131",131,160,1001,489,256,114,55,538,522,158,65,47
"132",132,152,1003,502,257,112,57,523,489,159,64,47
"133",133,144,1015,505,245,118,55,485,475,162,64,47
"134",134,151,1018,489,239,113,51,511,513,156,61,47
"135",135,163,1024,508,258,116,54,520,494,162,67,47
"136",136,174,1039,497,266,119,56,523,497,165,66,47
"137",137,158,1040,478,259,117,54,509,468,150,62,47
"138",138,170,1041,504,246,111,56,515,492,160,68,47
"139",139,187,1071,499,276,118,59,562,501,159,67,47
"140",140,190,1079,523,263,116,58,547,548,168,67,47
"141",141,206,1109,517,283,123,56,569,494,182,72,47
"142",142,144,958,490,252,111,52,495,477,152,65,48
"143",143,135,964,485,258,103,51,495,460,155,64,48
"144",144,155,978,497,249,107,53,508,468,153,60,48
"145",145,149,982,496,252,107,49,505,500,150,64,48
"146",146,140,1017,493,225,122,55,490,447,168,61,48
"147",147,154,1032,499,255,122,54,528,506,170,67,48
"148",148,162,1041,503,261,116,53,527,572,162,67,48
"149",149,146,1050,476,253,113,51,505,450,157,65,48
"150",150,195,1070,508,263,130,52,512,519,176,68,48
"151",151,179,1073,507,275,121,57,570,493,176,64,48
"152",152,194,1098,513,254,129,63,544,539,169,65,48
"153",153,155,957,480,258,103,50,532,473,153,64,49
"154",154,166,976,481,244,113,53,510,507,154,64,49
"155",155,159,995,500,249,115,51,511,460,159,66,49
"156",156,172,1036,482,261,109,53,530,500,165,63,49
"157",157,158,1037,516,267,112,49,501,495,160,60,49
"158",158,190,1048,510,277,108,58,588,555,161,68,49
"159",159,167,1066,489,252,125,58,511,500,170,63,49
"160",160,114,911,479,227,98,46,459,417,136,62,50
"161",161,145,1000,478,263,108,52,531,469,153,62,50
"162",162,178,1014,516,271,121,52,529,483,183,64,50
"163",163,159,1018,473,264,119,52,557,514,167,63,50
"164",164,172,1022,492,269,118,53,562,538,161,63,50
"165",165,155,1033,498,282,120,55,526,475,163,67,50
"166",166,182,1038,520,270,116,56,544,541,174,74,50
"167",167,162,1052,495,253,125,55,494,496,178,70,50
"168",168,168,1054,494,267,124,56,554,482,166,69,50
"169",169,185,1054,513,259,122,61,551,526,171,64,50
"170",170,178,1058,487,272,123,52,568,518,171,65,50
"171",171,188,1081,514,265,128,63,540,533,172,73,50
"172",172,172,1123,515,259,128,54,516,488,178,68,50
"173",173,137,957,493,256,106,45,505,496,142,60,51
"174",174,153,990,480,260,103,50,510,514,160,63,51
"175",175,182,1022,498,281,127,60,566,530,172,71,51
"176",176,165,1038,497,262,116,54,532,505,160,64,51
"177",177,192,1052,514,270,119,53,537,519,163,70,51
"178",178,174,1071,496,263,123,56,554,506,170,65,51
"179",179,197,1072,502,275,115,57,580,542,170,69,51
"180",180,180,1092,506,267,121,56,524,484,165,70,51
"181",181,130,957,497,216,114,51,490,468,158,62,52
"182",182,130,967,473,230,111,52,502,444,155,59,52
"183",183,161,985,495,276,111,54,507,494,155,67,52
"184",184,131,987,485,242,108,46,490,457,152,57,52
"185",185,150,1016,486,251,115,56,512,479,160,65,52
"186",186,162,1032,500,256,117,54,514,483,164,61,52
"187",187,174,1055,499,252,112,55,558,492,158,68,52
"188",188,188,1075,507,275,116,55,559,502,166,66,52
"189",189,150,989,508,257,104,48,537,516,152,62,53
"190",190,137,998,480,241,106,50,502,488,162,61,53
"191",191,162,1014,489,250,111,51,492,465,159,63,53
"192",192,160,1015,492,242,109,55,483,462,155,62,53
"193",193,185,1032,526,259,120,58,537,509,161,71,53
"194",194,207,1033,528,272,119,56,561,550,169,66,53
"195",195,188,1052,494,281,123,60,558,499,176,73,53
"196",196,160,1057,492,255,125,58,515,493,168,66,53
"197",197,163,1077,492,259,118,56,529,487,166,61,53
"198",198,230,1112,512,309,121,59,601,520,171,65,53
"199",199,154,1029,506,265,113,52,532,490,163,63,54
"200",200,165,1037,491,262,116,52,537,490,167,68,54
"201",201,188,1075,496,247,119,61,561,546,174,70,54
"202",202,188,1082,493,274,119,54,546,517,169,66,54
"203",203,140,996,488,227,116,51,495,495,159,57,55
"204",204,159,1012,492,241,108,56,519,505,154,59,55
"205",205,163,1028,504,261,108,55,521,481,153,61,55
"206",206,174,1042,489,257,117,57,542,522,163,64,55
"207",207,167,1058,488,258,124,59,551,483,176,69,55
"208",208,166,1071,511,273,117,51,532,519,168,62,55
"209",209,208,1075,508,274,122,56,603,567,176,70,55
"210",210,177,1086,506,264,128,53,515,494,181,64,55
"211",211,163,1088,475,269,129,52,503,482,168,65,55
"212",212,233,1166,517,291,132,63,587,526,197,77,55
"213",213,149,1012,480,257,118,57,500,459,162,61,56
"214",214,154,1017,496,255,111,52,531,487,161,64,56
"215",215,174,1018,525,277,113,57,570,508,150,66,56
"216",216,156,1040,514,258,117,51,522,484,167,60,56
"217",217,176,1055,508,273,111,50,545,518,162,66,56
"218",218,164,1059,494,237,124,55,527,483,172,70,56
"219",219,209,1071,512,291,127,53,597,547,173,66,56
"220",220,170,1090,505,258,120,53,515,481,166,59,56
"221",221,221,1115,529,281,127,60,575,531,178,70,56
"222",222,235,1131,541,281,133,62,591,581,182,72,56
"223",223,140,984,486,242,106,53,478,437,156,68,57
"224",224,167,1003,502,263,114,50,546,557,161,63,57
"225",225,153,1013,505,264,103,49,521,500,155,61,57
"226",226,162,1027,485,258,127,57,504,491,167,66,57
"227",227,178,1046,514,273,115,56,542,508,166,70,57
"228",228,161,1053,496,237,119,56,515,505,167,65,57
"229",229,166,1054,519,259,116,59,548,484,166,71,57
"230",230,176,1080,510,269,127,59,532,521,172,69,57
"231",231,206,1084,522,292,118,55,599,555,168,72,57
"232",232,173,1085,510,274,118,53,532,502,165,67,57
"233",233,184,1086,470,260,119,54,543,502,171,64,57
"234",234,178,1092,508,248,114,53,524,493,175,69,57
"235",235,214,1120,522,280,124,59,563,550,177,67,57
"236",236,207,1128,509,302,135,64,610,577,192,76,57
"237",237,157,982,506,253,110,50,523,517,156,61,58
"238",238,171,1017,471,271,110,55,557,482,151,64,58
"239",239,156,1025,488,258,105,52,512,468,157,62,58
"240",240,161,1032,501,253,113,50,522,457,154,63,58
"241",241,154,1045,482,248,106,49,501,462,158,65,58
"242",242,175,1050,471,254,127,58,541,527,168,73,58
"243",243,172,1059,501,253,118,58,528,508,164,60,58
"244",244,165,1094,499,263,121,55,560,521,177,67,58
"245",245,182,1108,517,270,117,54,561,505,172,63,58
"246",246,197,1126,505,272,136,58,537,518,184,74,58
"247",247,145,992,502,244,111,51,491,472,164,60,59
"248",248,171,1038,508,262,120,54,520,482,162,68,59
"249",249,148,1039,506,268,114,56,523,485,164,66,59
"250",250,162,1045,503,276,114,53,542,496,161,60,59
"251",251,170,1046,482,265,113,56,535,513,155,69,59
"252",252,196,1062,501,284,119,54,578,509,173,64,59
"253",253,188,1062,502,273,123,57,546,537,168,66,59
"254",254,147,1065,494,245,120,51,506,462,168,64,59
"255",255,170,1073,498,267,110,56,544,521,164,70,59
"256",256,191,1084,494,268,122,59,558,494,175,72,59
"257",257,175,1087,486,266,122,55,529,460,172,64,59
"258",258,182,1087,502,259,112,55,553,480,170,66,59
"259",259,210,1088,497,280,119,58,583,554,170,64,59
"260",260,188,1097,536,262,123,59,537,522,171,66,59
"261",261,173,1116,486,253,120,52,492,461,167,64,59
"262",262,161,1145,498,268,109,52,521,490,166,66,59
"263",263,154,992,488,262,117,53,539,470,155,68,60
"264",264,178,1069,479,272,126,59,541,529,169,69,60
"265",265,165,1074,510,263,127,55,522,510,171,61,60
"266",266,196,1083,518,277,119,56,572,553,174,64,60
"267",267,176,1087,498,274,113,52,514,522,173,67,60
"268",268,189,1104,508,272,125,57,558,511,166,67,60
"269",269,190,1114,518,280,126,55,580,546,184,69,60
"270",270,196,1116,507,285,123,58,533,502,178,63,60
"271",271,180,1176,543,276,129,56,558,502,181,65,60
"272",272,165,1025,492,268,109,51,549,484,158,69,61
"273",273,163,1034,499,253,108,51,516,468,158,68,61
"274",274,163,1050,515,258,116,48,534,518,165,66,61
"275",275,174,1069,496,262,120,55,530,499,167,67,61
"276",276,209,1097,506,279,115,57,560,531,169,69,61
"277",277,187,1100,529,277,126,54,561,532,176,67,61
"278",278,185,1122,504,269,119,61,543,493,173,70,61
"279",279,185,1129,492,269,127,55,542,457,182,71,61
"280",280,213,1144,502,289,130,56,558,521,178,67,61
"281",281,217,1149,512,293,122,56,575,531,175,69,61
"282",282,157,1013,495,267,118,51,560,496,159,64,62
"283",283,165,1048,476,250,119,54,514,463,171,64,62
"284",284,181,1052,485,274,115,54,563,512,163,65,62
"285",285,188,1100,524,284,123,56,563,535,172,65,62
"286",286,240,1119,519,303,120,56,595,581,170,71,62
"287",287,208,1122,512,262,123,55,574,569,176,64,62
"288",288,212,1138,516,297,130,57,585,535,183,71,62
"289",289,206,1144,512,284,129,54,584,542,180,72,62
"290",290,173,1031,466,269,120,55,523,535,160,69,63
"291",291,185,1053,492,271,128,57,556,509,178,69,63
"292",292,160,1057,490,254,116,53,499,476,166,65,63
"293",293,160,1070,490,257,119,53,543,457,156,61,63
"294",294,206,1080,522,288,120,55,590,541,175,69,63
"295",295,179,1082,520,268,124,56,567,522,164,65,63
"296",296,189,1106,512,253,125,55,542,529,171,65,63
"297",297,218,1141,514,297,124,62,584,555,187,70,63
"298",298,215,1155,497,280,129,61,609,535,180,71,63
"299",299,155,1008,497,262,114,53,528,488,162,67,64
"300",300,177,1075,493,249,122,57,522,508,167,69,64
"301",301,165,1080,487,260,119,55,509,494,164,66,64
"302",302,203,1082,500,281,118,58,588,588,175,69,64
"303",303,174,1090,508,277,124,56,562,512,172,66,64
"304",304,186,1096,516,266,133,60,556,511,180,72,64
"305",305,188,1114,476,274,120,61,550,480,179,69,64
"306",306,207,1121,519,284,113,59,583,529,175,66,64
"307",307,210,1145,510,283,127,61,555,509,178,66,64
"308",308,181,1149,513,255,125,57,514,501,176,69,64
"309",309,149,1009,517,250,104,48,527,484,153,62,65
"310",310,173,1079,503,257,120,56,527,489,170,65,65
"311",311,181,1089,482,278,119,54,551,515,164,62,65
"312",312,190,1103,491,287,118,53,576,520,163,71,65
"313",313,181,1108,489,277,122,54,548,468,168,61,65
"314",314,198,1138,510,271,122,52,540,521,169,66,65
"315",315,203,1163,501,276,125,59,576,542,182,75,65
"316",316,152,1018,494,245,108,52,518,491,148,67,66
"317",317,180,1087,517,272,120,59,532,503,162,73,66
"318",318,184,1108,508,274,131,54,565,532,172,68,66
"319",319,163,1110,486,331,114,57,516,452,157,64,66
"320",320,172,1131,490,261,127,56,537,480,173,67,66
"321",321,194,1164,529,296,125,59,553,507,175,69,66
"322",322,203,1166,500,283,126,57,553,532,180,69,66
"323",323,192,1079,493,267,115,54,570,512,161,66,67
"324",324,196,1114,493,276,125,56,582,509,169,71,67
"325",325,194,1145,500,277,125,56,540,487,173,65,67
"326",326,199,1148,517,258,126,56,589,512,178,67,67
"327",327,194,1165,514,280,125,57,606,508,180,72,67
"328",328,221,1202,532,288,138,70,566,546,187,71,67
"329",329,153,1033,496,248,116,56,516,482,157,63,68
"330",330,167,1058,482,254,126,56,554,508,171,60,68
"331",331,193,1102,486,261,131,57,535,509,181,70,68
"332",332,185,1107,498,263,117,54,529,528,168,68,68
"333",333,194,1114,538,278,126,54,573,517,174,72,68
"334",334,246,1115,527,299,128,65,617,560,179,79,68
"335",335,187,1120,498,284,119,54,570,528,177,68,68
"336",336,189,1127,505,271,121,58,553,524,170,67,68
"337",337,170,1133,492,270,122,55,555,501,170,74,68
"338",338,196,1159,519,279,133,59,592,519,180,67,68
"339",339,208,1161,484,267,121,60,542,509,175,68,68
"340",340,233,1176,508,280,134,59,601,589,182,69,68
"341",341,289,1287,521,294,142,66,640,594,204,79,68
"342",342,163,1079,495,248,118,51,554,454,167,65,69
"343",343,226,1110,491,292,124,61,610,580,177,73,69
"344",344,184,1114,493,268,130,57,560,484,171,62,69
"345",345,221,1129,525,292,130,62,586,567,181,75,69
"346",346,188,1138,502,272,128,60,566,514,176,71,69
"347",347,180,1141,489,279,123,58,568,514,170,67,69
"348",348,226,1154,525,276,124,61,582,570,177,72,69
"349",349,200,1155,500,283,121,60,579,491,168,71,69
"350",350,217,1168,504,284,130,59,589,543,185,71,69
"351",351,237,1202,509,294,140,62,590,547,182,68,69
"352",352,234,1213,511,285,122,60,593,534,181,69,69
"353",353,169,1077,511,256,118,55,528,470,163,63,70
"354",354,177,1094,483,253,115,54,511,488,172,58,70
"355",355,184,1108,489,270,117,54,552,498,173,73,70
"356",356,208,1110,517,277,121,56,572,550,176,66,70
"357",357,182,1134,494,273,123,53,562,510,163,62,70
"358",358,212,1146,497,275,128,63,580,531,171,71,70
"359",359,222,1161,508,307,125,59,574,569,180,72,70
"360",360,206,1180,511,282,128,59,581,516,190,67,70
"361",361,197,1133,485,278,125,63,573,512,168,73,71
"362",362,224,1151,527,293,132,60,572,517,173,72,71
"363",363,232,1154,499,291,129,61,595,587,179,70,71
"364",364,209,1159,521,276,119,57,543,553,182,69,71
"365",365,216,1168,499,290,119,62,552,525,186,77,71
"366",366,193,1173,508,278,140,61,565,505,182,69,71
"367",367,191,1174,519,263,125,56,534,451,185,67,71
"368",368,244,1231,527,293,135,62,617,591,195,72,71
"369",369,191,1109,498,270,122,55,556,515,173,66,72
"370",370,205,1112,489,277,121,55,556,520,180,71,72
"371",371,179,1129,498,272,120,57,536,471,180,71,72
"372",372,261,1133,498,318,133,59,641,622,184,70,72
"373",373,197,1177,509,270,125,57,549,514,189,76,72
"374",374,242,1239,507,299,140,58,610,539,194,71,72
"375",375,151,1047,507,257,110,55,534,460,154,67,73
"376",376,188,1130,485,275,121,55,552,536,167,65,73
"377",377,205,1135,503,275,127,59,562,537,178,71,73
"378",378,196,1136,488,282,126,58,552,495,183,68,73
"379",379,200,1143,485,269,121,57,543,497,179,75,73
"380",380,214,1165,527,292,127,59,578,518,188,71,73
"381",381,191,1172,515,291,131,57,574,505,178,70,73
"382",382,225,1188,489,288,139,64,615,534,190,73,73
"383",383,218,1189,512,264,134,65,574,509,186,77,73
"384",384,157,1044,495,245,113,53,489,455,163,60,74
"385",385,180,1101,504,264,121,54,544,509,179,67,74
"386",386,181,1110,493,278,120,55,526,492,179,70,74
"387",387,179,1127,506,257,125,52,525,506,167,65,74
"388",388,168,1130,480,260,123,58,503,489,175,65,74
"389",389,192,1144,498,289,125,53,573,508,184,66,74
"390",390,182,1173,491,258,126,55,558,489,174,59,74
"391",391,200,1179,483,293,134,58,562,508,188,68,74
"392",392,194,1180,505,270,130,60,540,500,183,65,74
"393",393,230,1193,512,300,134,60,577,548,178,69,74
"394",394,170,1076,493,278,117,54,574,486,172,72,75
"395",395,192,1092,490,272,128,55,554,506,179,67,75
"396",396,164,1105,508,257,124,55,510,459,177,66,75
"397",397,201,1113,503,280,123,61,563,537,169,70,75
"398",398,209,1114,515,272,117,53,589,550,170,66,75
"399",399,186,1140,515,276,123,55,551,500,169,67,75
"400",400,208,1142,496,281,125,62,598,504,186,73,75
"401",401,206,1150,508,268,121,56,573,515,177,72,75
"402",402,200,1152,504,284,124,63,563,526,178,75,75
"403",403,210,1154,507,282,116,61,567,551,175,70,75
"404",404,213,1186,520,284,130,60,611,542,180,68,75
"405",405,239,1215,529,293,128,59,650,586,190,74,75
"406",406,213,1217,528,281,133,61,601,510,185,76,75
"407",407,288,1230,527,320,130,61,671,634,200,73,75
"408",408,174,1114,488,260,120,56,526,467,162,68,76
"409",409,224,1165,527,280,133,63,620,520,185,73,76
"410",410,219,1184,495,286,125,59,581,527,186,68,76
"411",411,178,1186,496,265,121,56,523,471,181,68,76
"412",412,200,1195,510,264,140,61,559,510,198,70,76
"413",413,220,1208,530,282,133,59,591,547,185,69,76
"414",414,252,1221,505,310,126,60,611,556,189,67,76
"415",415,197,1115,512,291,123,61,588,533,173,70,77
"416",416,231,1137,499,284,123,59,583,534,174,76,77
"417",417,214,1147,521,286,131,65,576,539,188,76,77
"418",418,211,1147,530,263,116,53,608,553,180,67,77
"419",419,203,1156,491,276,132,59,559,503,183,74,77
"420",420,184,1168,514,274,129,62,560,480,180,67,77
"421",421,214,1170,526,268,129,59,558,534,179,71,77
"422",422,217,1192,515,289,134,61,591,533,185,76,77
"423",423,188,1063,477,264,120,53,529,489,166,63,78
"424",424,168,1122,487,248,127,55,547,453,171,69,78
"425",425,199,1138,525,274,135,58,524,489,187,67,78
"426",426,175,1138,511,265,127,56,561,511,178,66,78
"427",427,203,1159,526,271,137,62,571,524,195,80,78
"428",428,226,1168,511,288,129,61,605,532,183,72,78
"429",429,218,1170,482,291,127,56,587,555,177,61,78
"430",430,213,1178,522,277,132,60,568,536,180,71,78
"431",431,219,1187,503,281,125,61,579,497,175,71,78
"432",432,240,1212,518,294,129,63,632,554,183,76,78
"433",433,233,1220,522,297,133,61,600,536,195,76,78
"434",434,265,1236,532,302,141,66,614,594,199,79,78
"435",435,177,1091,488,263,118,52,544,527,168,68,79
"436",436,187,1104,502,274,120,56,586,498,171,68,79
"437",437,188,1105,502,256,127,58,570,524,175,68,79
"438",438,187,1137,475,269,124,59,562,482,179,70,79
"439",439,200,1171,489,293,132,59,539,519,178,72,79
"440",440,222,1198,504,284,132,63,570,519,177,71,79
"441",441,226,1199,503,288,134,56,591,575,180,67,79
"442",442,215,1206,507,291,122,52,582,508,191,69,79
"443",443,281,1292,524,298,150,62,608,558,202,83,79
"444",444,206,1149,507,295,119,61,572,520,174,70,80
"445",445,194,1150,503,282,132,59,576,515,181,74,80
"446",446,198,1168,496,277,131,61,533,477,191,74,80
"447",447,225,1169,509,288,119,57,617,560,166,74,80
"448",448,240,1187,507,294,135,59,591,599,191,75,80
"449",449,228,1208,502,298,121,61,632,549,181,70,80
"450",450,312,1214,522,326,150,59,667,634,202,72,80
"451",451,168,1107,504,270,119,56,540,464,170,67,81
"452",452,174,1114,480,267,127,58,513,478,181,65,81
"453",453,210,1147,511,294,133,60,560,533,196,73,81
"454",454,213,1176,512,288,125,54,585,555,182,69,81
"455",455,209,1182,530,278,125,63,574,533,187,69,81
"456",456,246,1182,505,327,125,57,598,587,181,69,81
"457",457,210,1216,490,287,134,62,569,483,191,74,81
"458",458,212,1225,486,274,137,61,568,504,195,72,81
"459",459,250,1234,531,307,135,61,630,554,198,82,81
"460",460,310,1235,511,334,131,58,701,681,201,72,81
"461",461,266,1267,507,335,140,59,635,582,204,71,81
"462",462,259,1268,494,316,138,67,632,574,206,77,81
"463",463,248,1279,497,302,150,61,575,540,204,74,81
"464",464,200,1137,519,282,134,60,571,504,187,73,82
"465",465,199,1154,487,273,126,57,547,478,178,71,82
"466",466,236,1180,507,303,134,64,588,557,187,75,82
"467",467,240,1180,521,318,130,65,621,566,184,81,82
"468",468,235,1228,510,307,144,66,622,556,190,81,82
"469",469,286,1240,538,319,133,62,643,609,195,74,82
"470",470,243,1241,519,302,139,62,597,563,200,79,82
"471",471,189,1156,523,270,127,55,575,490,166,71,83
"472",472,212,1173,497,276,123,59,577,509,186,70,83
"473",473,243,1182,527,295,126,59,610,547,182,72,83
"474",474,213,1195,508,286,127,58,582,505,175,75,83
"475",475,241,1212,492,296,132,60,617,575,196,72,83
"476",476,217,1225,540,281,128,57,585,548,195,73,83
"477",477,436,1253,548,385,130,69,817,845,195,86,83
"478",478,230,1255,515,278,127,61,582,638,184,78,83
"479",479,218,1259,510,287,126,58,562,503,186,72,83
"480",480,311,1296,514,329,140,65,667,713,224,83,83
"481",481,301,1330,540,325,143,66,661,694,211,83,83
"482",482,200,1138,493,281,115,58,548,513,177,74,84
"483",483,230,1219,512,290,132,63,602,508,193,72,84
"484",484,256,1249,524,313,140,62,588,585,195,78,84
"485",485,247,1249,499,312,130,60,611,583,192,73,84
"486",486,360,1332,520,322,145,66,680,683,199,77,84
"487",487,214,1152,511,294,124,56,598,564,178,67,85
"488",488,204,1166,497,286,124,56,560,524,185,76,85
"489",489,233,1185,499,296,132,64,593,552,183,75,85
"490",490,230,1187,513,302,127,61,575,525,188,72,85
"491",491,240,1195,510,273,129,57,590,507,175,66,85
"492",492,226,1197,519,284,137,62,592,542,192,72,85
"493",493,229,1200,532,307,131,61,623,555,191,76,85
"494",494,202,1228,509,282,134,54,554,509,191,71,85
"495",495,281,1333,522,332,140,68,654,561,203,78,85
"496",496,154,1085,487,235,116,56,504,468,162,64,86
"497",497,229,1156,502,306,127,60,599,600,178,74,86
"498",498,217,1169,514,289,122,59,582,565,191,70,86
"499",499,238,1187,528,305,129,61,594,578,184,76,86
"500",500,205,1191,496,280,134,59,546,524,186,73,86
"501",501,232,1210,523,290,134,56,626,536,183,74,86
"502",502,227,1234,495,279,131,60,545,520,186,75,86
"503",503,240,1254,537,295,133,57,617,585,204,67,86
"504",504,279,1118,497,324,123,61,649,702,186,75,87
"505",505,167,1125,488,255,117,57,509,460,176,64,87
"506",506,213,1183,505,266,134,61,581,536,178,75,87
"507",507,228,1184,518,286,132,64,609,500,196,81,87
"508",508,230,1192,507,284,139,62,603,559,192,79,87
"509",509,212,1195,512,279,135,63,581,542,199,77,87
"510",510,256,1216,536,294,138,62,590,571,197,75,87
"511",511,293,1231,510,327,131,64,692,699,188,78,87
"512",512,219,1245,522,294,132,57,550,504,193,71,87
"513",513,277,1260,527,297,140,67,606,598,197,78,87
"514",514,235,1263,533,274,130,63,563,531,202,80,87
"515",515,261,1294,503,290,138,66,613,552,204,79,87
"516",516,181,1092,505,274,128,52,541,507,170,68,88
"517",517,194,1164,491,274,124,55,558,515,171,66,88
"518",518,209,1176,491,280,130,61,582,517,187,68,88
"519",519,242,1223,507,288,127,63,600,544,192,76,88
"520",520,207,1223,492,286,133,62,605,501,189,70,88
"521",521,198,1229,514,282,135,59,563,512,184,67,88
"522",522,254,1251,511,304,136,61,650,565,188,76,88
"523",523,243,1254,516,292,143,64,608,567,201,76,88
"524",524,289,1274,524,317,136,61,656,580,196,76,88
"525",525,283,1280,501,329,140,65,639,593,195,73,88
"526",526,312,1280,531,351,138,62,658,634,199,84,88
"527",527,203,1204,518,275,123,57,562,504,178,69,89
"528",528,251,1218,535,297,134,65,655,576,189,75,89
"529",529,230,1218,528,290,133,61,581,547,194,78,89
"530",530,222,1224,527,260,130,57,562,545,190,70,89
"531",531,230,1236,506,291,137,63,575,504,188,74,89
"532",532,240,1258,527,306,126,64,608,531,192,74,89
"533",533,248,1260,520,299,131,59,609,555,196,80,89
"534",534,312,1322,511,322,142,66,688,643,196,81,89
"535",535,344,1335,515,345,147,65,749,664,216,84,89
"536",536,317,1336,525,320,146,67,690,634,220,83,89
"537",537,196,1161,512,267,125,58,542,510,179,69,90
"538",538,235,1182,516,294,128,61,597,593,185,73,90
"539",539,209,1183,495,286,132,51,569,515,180,64,90
"540",540,220,1186,505,290,132,61,563,511,182,75,90
"541",541,262,1199,524,313,129,61,638,572,178,74,90
"542",542,232,1202,515,298,130,59,596,545,189,77,90
"543",543,204,1231,512,275,126,58,588,515,187,70,90
"544",544,196,1233,480,300,131,61,563,523,185,63,90
"545",545,273,1238,524,320,133,61,625,561,194,74,90
"546",546,255,1264,528,298,141,63,627,595,195,73,90
"547",547,286,1266,558,307,135,62,638,582,187,77,90
"548",548,311,1273,509,334,140,67,684,614,199,80,90
"549",549,259,1313,517,291,145,66,593,545,203,79,90
"550",550,234,1215,517,294,128,61,588,530,172,70,91
"551",551,237,1218,516,289,141,66,590,547,196,75,91
"552",552,263,1235,529,318,137,64,539,535,189,75,91
"553",553,316,1239,520,335,138,62,685,680,200,80,91
"554",554,229,1275,536,295,142,60,623,524,196,73,91
"555",555,258,1284,502,311,142,64,650,535,200,75,91
"556",556,350,1285,562,333,143,65,654,657,209,78,91
"557",557,209,1206,510,284,127,58,562,549,171,64,92
"558",558,242,1225,517,304,134,59,612,560,199,67,92
"559",559,259,1246,503,306,138,62,583,604,193,69,92
"560",560,235,1250,510,298,137,65,584,553,197,79,92
"561",561,217,1258,513,295,141,65,586,498,189,72,92
"562",562,240,1264,511,287,139,59,599,511,195,74,92
"563",563,285,1281,506,312,139,69,625,621,202,79,92
"564",564,289,1285,521,332,142,68,641,563,197,79,92
"565",565,297,1344,534,315,146,68,644,592,211,85,92
"566",566,176,1159,512,277,125,52,535,463,173,63,93
"567",567,230,1223,533,290,134,57,569,541,192,77,93
"568",568,233,1251,525,263,144,58,641,575,202,74,93
"569",569,228,1255,503,283,127,65,572,515,192,73,93
"570",570,205,1262,512,295,143,59,540,523,200,73,93
"571",571,257,1300,525,299,134,63,613,570,203,80,93
"572",572,218,1188,523,287,126,60,587,534,190,71,94
"573",573,226,1255,519,293,129,58,580,525,192,73,94
"574",574,291,1257,530,329,143,64,663,640,197,77,94
"575",575,286,1279,503,309,135,65,601,590,203,76,94
"576",576,292,1299,546,315,140,65,625,555,208,82,94
"577",577,246,1196,529,299,142,58,599,563,193,72,95
"578",578,259,1232,519,305,129,60,635,546,187,74,95
"579",579,246,1264,535,307,150,62,588,500,211,76,95
"580",580,296,1271,529,318,142,64,659,687,213,77,95
"581",581,252,1275,508,310,139,69,641,555,194,71,95
"582",582,267,1290,530,307,144,65,654,560,211,82,95
"583",583,369,1349,536,333,143,68,676,716,215,84,95
"584",584,387,1405,524,353,147,66,716,683,230,82,95
"585",585,205,1207,506,275,132,58,556,513,196,77,96
"586",586,244,1233,526,293,134,61,607,557,193,79,96
"587",587,211,1239,503,291,137,60,582,516,193,77,96
"588",588,260,1306,517,293,137,62,598,541,204,78,96
"589",589,275,1337,518,301,143,66,618,559,214,78,96
"590",590,225,1248,519,292,136,66,598,533,193,77,97
"591",591,243,1250,510,296,137,63,629,554,190,77,97
"592",592,254,1281,519,303,132,61,617,564,197,74,97
"593",593,288,1287,532,313,139,62,645,571,197,79,97
"594",594,270,1303,532,311,137,59,613,579,201,76,97
"595",595,267,1220,515,298,139,63,619,580,194,71,98
"596",596,280,1291,520,318,144,63,620,562,217,82,98
"597",597,295,1295,531,310,132,61,628,612,194,71,98
"598",598,344,1318,553,354,148,67,704,698,200,81,98
"599",599,320,1319,536,341,135,67,740,594,199,83,98
"600",600,224,1181,488,298,122,57,628,556,178,72,99
"601",601,224,1217,504,291,127,62,602,546,183,71,99
"602",602,233,1230,523,288,133,58,580,529,192,69,99
"603",603,243,1240,497,298,146,61,612,532,205,76,99
"604",604,388,1269,524,367,141,63,765,788,202,80,99
"605",605,241,1274,518,302,146,61,603,542,196,71,99
"606",606,249,1299,524,296,142,65,600,570,205,75,99
"607",607,196,1115,493,290,126,64,570,505,179,71,100
"608",608,200,1166,493,295,128,56,597,534,177,71,100
"609",609,252,1218,515,291,139,63,603,533,200,72,100
"610",610,266,1223,495,300,135,65,621,565,187,70,100
"611",611,287,1233,512,312,133,66,651,637,191,77,100
"612",612,277,1284,515,305,133,62,624,556,202,78,100
"613",613,316,1320,531,356,146,72,744,628,201,84,100
"614",614,423,1390,546,370,150,69,794,734,223,90,100
"615",615,229,1201,485,292,128,62,538,534,188,71,101
"616",616,237,1228,511,300,129,63,604,555,190,71,101
"617",617,235,1234,496,289,127,54,606,529,181,68,101
"618",618,220,1248,494,296,128,60,539,494,190,67,101
"619",619,321,1271,532,331,137,65,698,658,198,78,101
"620",620,286,1283,535,317,150,64,640,581,204,76,101
"621",621,272,1295,524,322,136,64,651,546,196,75,101
"622",622,372,1320,528,342,146,63,679,675,212,76,101
"623",623,267,1332,516,311,138,71,637,542,208,79,101
"624",624,240,1340,525,309,136,64,622,591,200,80,101
"625",625,542,1383,540,409,151,76,925,855,219,94,101
"626",626,239,1245,521,301,138,59,591,503,191,76,102
"627",627,218,1259,526,311,134,62,596,502,201,84,102
"628",628,268,1268,510,336,130,65,637,576,202,77,102
"629",629,269,1284,534,300,133,66,627,566,200,75,102
"630",630,274,1285,508,316,139,62,620,540,207,79,102
"631",631,282,1300,532,302,142,60,634,603,203,73,102
"632",632,304,1314,545,322,139,65,652,621,202,80,102
"633",633,275,1321,503,312,143,66,617,535,208,79,102
"634",634,327,1322,540,334,140,66,681,644,207,82,102
"635",635,405,1364,533,340,151,64,757,738,218,92,102
"636",636,231,1239,491,305,140,59,614,534,192,70,103
"637",637,260,1241,531,316,124,65,647,565,193,77,103
"638",638,256,1261,517,315,147,65,599,546,202,79,103
"639",639,232,1270,508,291,131,61,581,525,192,77,103
"640",640,270,1299,522,330,138,64,641,552,192,72,103
"641",641,270,1305,535,304,140,64,628,570,199,74,103
"642",642,310,1341,544,328,157,67,657,585,214,86,103
"643",643,306,1355,510,327,150,71,684,552,214,80,103
"644",644,418,1359,527,367,164,67,798,777,226,87,103
"645",645,369,1373,543,355,152,62,732,702,215,83,103
"646",646,378,1383,528,341,145,63,695,656,217,81,103
"647",647,307,1388,528,334,158,68,670,585,223,75,103
"648",648,379,1396,532,347,152,69,746,710,222,82,103
"649",649,230,1266,485,271,137,58,603,503,206,76,104
"650",650,245,1276,538,290,149,66,599,517,198,75,104
"651",651,313,1294,522,332,138,66,656,636,214,82,104
"652",652,298,1327,531,308,148,67,662,599,199,82,104
"653",653,257,1343,509,322,136,59,637,529,196,79,104
"654",654,404,1344,543,362,160,73,767,726,224,87,104
"655",655,305,1350,513,312,152,66,620,598,213,81,104
"656",656,326,1355,524,345,135,69,659,600,204,80,104
"657",657,292,1383,519,323,139,63,646,575,209,82,104
"658",658,326,1403,510,329,148,61,635,555,222,87,104
"659",659,415,1490,550,351,154,72,769,739,234,89,104
"660",660,244,1263,529,281,144,65,583,535,198,79,105
"661",661,220,1264,507,294,129,58,600,522,188,73,105
"662",662,233,1271,515,290,137,58,596,539,199,69,105
"663",663,307,1290,542,330,138,58,674,663,206,78,105
"664",664,292,1299,513,309,139,66,647,669,207,83,105
"665",665,312,1310,517,320,144,66,695,631,205,82,105
"666",666,302,1330,538,315,146,65,669,593,215,84,105
"667",667,316,1335,531,324,143,64,712,575,203,83,105
"668",668,293,1358,530,329,143,64,659,568,200,71,105
"669",669,298,1363,529,314,153,66,739,578,210,78,105
"670",670,328,1365,540,328,152,71,667,601,208,84,105
"671",671,283,1376,511,303,143,65,628,577,206,76,105
"672",672,244,1253,517,308,135,65,610,537,189,72,106
"673",673,241,1262,489,316,127,62,581,543,186,79,106
"674",674,271,1275,505,310,137,61,627,544,194,74,106
"675",675,259,1283,517,300,138,65,630,570,201,83,106
"676",676,268,1284,515,303,138,66,621,528,190,81,106
"677",677,234,1289,506,281,146,63,594,487,205,74,106
"678",678,269,1290,495,301,140,61,642,593,206,76,106
"679",679,213,1306,520,277,141,58,557,508,195,69,106
"680",680,295,1327,517,308,153,67,646,604,208,84,106
"681",681,300,1361,525,307,156,68,683,591,220,78,106
"682",682,380,1366,530,352,142,65,728,702,201,77,106
"683",683,402,1379,532,356,154,67,750,606,229,84,106
"684",684,222,1178,500,287,118,58,572,502,181,71,107
"685",685,220,1212,487,285,125,60,591,501,180,72,107
"686",686,200,1252,499,292,137,63,592,512,185,64,107
"687",687,229,1267,499,292,129,63,576,555,192,71,107
"688",688,273,1277,555,311,133,62,657,544,212,80,107
"689",689,366,1289,527,360,135,67,742,712,195,77,107
"690",690,275,1297,501,324,134,61,633,575,192,79,107
"691",691,285,1314,503,316,137,64,649,592,200,81,107
"692",692,304,1374,546,323,153,66,644,604,213,75,107
"693",693,254,1272,516,286,134,62,620,524,194,78,108
"694",694,257,1275,537,302,154,67,620,548,208,78,108
"695",695,238,1286,515,301,134,62,636,535,194,76,108
"696",696,348,1292,536,335,146,66,672,635,204,78,108
"697",697,262,1301,497,309,136,62,596,571,205,79,108
"698",698,240,1302,524,301,131,58,595,508,192,72,108
"699",699,256,1308,494,302,135,67,611,534,203,79,108
"700",700,317,1320,529,340,144,67,677,616,204,79,108
"701",701,268,1332,499,325,133,66,624,536,210,83,108
"702",702,297,1356,510,316,151,69,658,607,208,78,108
"703",703,257,1366,536,310,142,62,598,539,210,75,108
"704",704,356,1387,529,324,148,65,683,664,210,87,108
"705",705,292,1395,533,317,156,66,634,562,214,86,108
"706",706,366,1424,544,335,153,69,728,699,225,86,108
"707",707,294,1305,533,315,142,60,639,578,210,75,109
"708",708,242,1330,505,308,136,63,602,526,200,75,109
"709",709,283,1336,535,300,143,67,622,554,205,76,109
"710",710,273,1344,521,314,145,64,640,546,206,77,109
"711",711,257,1352,521,302,140,61,612,532,201,76,109
"712",712,370,1357,540,371,168,69,710,669,231,82,109
"713",713,375,1365,540,361,146,68,772,690,221,83,109
"714",714,276,1378,523,295,157,65,622,580,220,76,109
"715",715,250,1258,519,302,130,61,613,527,194,76,110
"716",716,308,1296,528,330,145,66,691,595,206,80,110
"717",717,264,1324,502,321,138,64,659,578,202,78,110
"718",718,253,1349,520,318,144,63,637,551,207,75,110
"719",719,353,1358,512,356,148,74,744,672,216,79,110
"720",720,327,1396,522,346,149,68,749,624,237,84,110
"721",721,379,1415,519,343,159,75,702,681,221,86,110
"722",722,463,1422,539,350,143,63,732,765,212,72,110
"723",723,600,1503,553,404,181,78,851,897,246,92,110
"724",724,266,1234,513,328,139,66,593,552,193,75,111
"725",725,238,1264,518,290,138,57,595,525,196,74,111
"726",726,295,1275,535,314,148,62,664,612,198,77,111
"727",727,288,1282,501,330,136,61,655,561,200,76,111
"728",728,264,1287,518,303,133,67,610,558,195,80,111
"729",729,322,1323,509,326,147,70,701,609,205,79,111
"730",730,234,1330,502,280,141,61,589,519,192,70,111
"731",731,267,1337,497,284,148,62,613,518,205,75,111
"732",732,422,1406,538,368,159,70,790,746,219,77,111
"733",733,295,1432,536,312,158,68,660,534,226,82,111
"734",734,417,1446,506,362,158,74,733,672,238,92,111
"735",735,246,1215,493,303,140,63,623,579,190,81,112
"736",736,283,1298,512,329,147,61,683,582,202,79,112
"737",737,263,1317,539,308,141,69,613,553,205,83,112
"738",738,348,1363,518,345,149,69,740,691,221,81,112
"739",739,398,1371,522,335,154,66,701,665,221,79,112
"740",740,278,1372,510,308,153,64,628,538,223,75,112
"741",741,306,1385,533,345,154,71,677,674,222,82,112
"742",742,400,1405,521,367,148,69,719,690,205,81,112
"743",743,336,1413,536,347,148,67,682,622,222,77,112
"744",744,372,1460,527,356,163,62,706,668,236,85,112
"745",745,265,1232,527,314,130,60,644,679,191,77,113
"746",746,240,1246,498,306,145,65,645,562,198,74,113
"747",747,225,1254,492,290,138,63,586,523,203,78,113
"748",748,277,1264,520,317,143,70,625,562,205,85,113
"749",749,254,1286,509,304,140,64,591,563,206,77,113
"750",750,259,1300,493,327,140,65,642,511,206,73,113
"751",751,325,1312,510,324,144,68,670,630,211,78,113
"752",752,302,1321,531,334,149,66,667,608,205,81,113
"753",753,288,1332,519,308,141,65,659,580,210,78,113
"754",754,266,1356,497,297,140,64,581,558,202,72,113
"755",755,292,1356,538,315,142,62,636,587,212,79,113
"756",756,270,1357,531,294,140,62,644,517,215,78,113
"757",757,264,1364,516,326,146,69,647,534,200,83,113
"758",758,299,1380,497,311,142,62,659,642,209,80,113
"759",759,267,1384,525,346,144,68,683,659,209,72,113
"760",760,319,1388,520,325,152,63,675,653,224,80,113
"761",761,390,1499,535,340,165,77,697,601,254,95,113
"762",762,392,1284,548,359,141,66,720,695,219,90,114
"763",763,261,1306,522,289,138,60,607,552,201,73,114
"764",764,357,1320,535,332,146,64,724,703,197,82,114
"765",765,307,1332,539,331,151,66,671,570,215,84,114
"766",766,298,1343,531,316,141,64,640,571,198,76,114
"767",767,403,1351,550,362,148,69,712,661,220,93,114
"768",768,266,1369,533,285,152,66,610,550,217,82,114
"769",769,407,1373,537,339,150,70,719,735,222,86,114
"770",770,320,1381,498,327,152,63,646,605,218,87,114
"771",771,315,1382,532,319,146,68,674,575,203,82,114
"772",772,415,1415,534,384,147,66,745,684,217,88,114
"773",773,352,1424,550,340,160,71,684,597,228,87,114
"774",774,324,1424,527,332,160,72,684,631,221,83,114
"775",775,331,1435,533,335,163,69,749,653,230,79,114
"776",776,228,1245,488,293,139,70,595,534,201,73,115
"777",777,246,1276,490,306,139,62,603,546,197,77,115
"778",778,265,1302,526,309,167,59,623,576,207,69,115
"779",779,270,1315,513,322,135,60,669,611,203,73,115
"780",780,308,1320,518,316,152,65,667,566,213,76,115
"781",781,311,1329,521,307,137,62,629,618,200,84,115
"782",782,344,1336,531,326,142,62,713,622,209,85,115
"783",783,320,1362,497,334,149,66,685,602,212,75,115
"784",784,469,1504,560,394,170,69,801,746,228,80,115
"785",785,232,1201,494,290,126,56,616,581,179,70,116
"786",786,256,1272,541,320,140,65,620,563,204,81,116
"787",787,344,1282,519,344,151,64,688,655,203,84,116
"788",788,253,1329,514,294,147,63,610,540,214,77,116
"789",789,260,1335,491,319,149,60,614,520,213,80,116
"790",790,327,1341,523,324,136,68,663,598,209,79,116
"791",791,342,1357,540,333,140,65,685,592,196,82,116
"792",792,334,1362,523,340,147,66,667,599,219,76,116
"793",793,309,1389,508,305,147,66,651,620,213,77,116
"794",794,390,1404,517,360,162,73,751,694,236,92,116
"795",795,351,1413,517,334,149,65,671,638,210,81,116
"796",796,400,1417,520,350,156,72,719,672,227,89,116
"797",797,306,1422,524,317,152,67,665,561,214,83,116
"798",798,390,1436,538,349,154,70,709,658,223,83,116
"799",799,373,1470,572,342,174,73,684,644,234,89,116
"800",800,380,1332,518,308,146,61,619,567,197,81,117
"801",801,268,1347,495,313,149,62,642,540,202,72,117
"802",802,274,1356,542,303,150,59,635,616,208,82,117
"803",803,272,1363,514,284,140,64,580,574,211,80,117
"804",804,335,1366,524,345,151,71,677,620,220,87,117
"805",805,360,1377,535,334,152,69,679,642,215,80,117
"806",806,322,1386,503,312,152,67,658,597,216,80,117
"807",807,360,1409,534,333,154,70,700,662,219,74,117
"808",808,330,1427,546,330,143,67,682,557,206,87,117
"809",809,261,1274,529,287,137,57,622,566,202,85,118
"810",810,242,1286,518,286,136,65,619,518,201,81,118
"811",811,240,1314,525,296,150,61,569,501,212,80,118
"812",812,260,1344,497,291,143,68,582,530,213,78,118
"813",813,267,1357,513,289,151,67,609,506,207,77,118
"814",814,390,1385,541,358,153,70,760,739,213,84,118
"815",815,304,1402,536,325,152,68,660,570,218,78,118
"816",816,318,1402,555,330,159,70,657,567,229,84,118
"817",817,310,1415,533,322,155,70,661,585,211,78,118
"818",818,291,1421,512,312,144,65,631,517,212,85,118
"819",819,348,1428,499,333,158,63,664,630,214,82,118
"820",820,262,1281,530,307,133,63,634,558,198,83,119
"821",821,226,1301,514,290,130,60,607,564,188,70,119
"822",822,322,1327,531,332,146,70,673,612,210,74,119
"823",823,331,1354,514,334,146,68,681,641,209,81,119
"824",824,322,1370,541,326,150,63,660,593,217,77,119
"825",825,261,1386,524,310,149,71,623,520,196,77,119
"826",826,324,1401,526,334,151,67,726,612,212,80,119
"827",827,395,1420,546,337,151,69,720,726,222,79,119
"828",828,390,1472,534,352,152,74,736,697,228,82,119
"829",829,222,1259,490,296,136,64,566,514,193,75,120
"830",830,274,1265,530,293,135,59,650,557,196,71,120
"831",831,285,1299,509,311,141,70,643,534,194,86,120
"832",832,413,1318,538,377,144,67,823,726,207,87,120
"833",833,279,1337,520,303,141,66,625,567,202,84,120
"834",834,255,1346,518,279,142,61,599,549,202,70,120
"835",835,271,1356,508,317,150,68,647,582,217,82,120
"836",836,359,1366,544,329,146,66,691,639,228,91,120
"837",837,420,1399,553,366,153,74,755,774,211,85,120
"838",838,373,1428,535,345,161,74,725,660,230,87,120
"839",839,423,1445,524,364,164,69,731,710,227,85,120
"840",840,332,1471,535,319,167,72,694,575,234,87,120
"841",841,268,1295,513,319,146,70,633,560,205,80,121
"842",842,278,1313,529,311,143,62,629,542,206,75,121
"843",843,251,1325,521,319,142,66,651,594,205,82,121
"844",844,241,1338,504,284,142,61,598,533,201,72,121
"845",845,293,1339,553,314,159,67,637,603,231,84,121
"846",846,315,1346,531,330,141,66,671,565,204,83,121
"847",847,357,1453,536,335,152,67,615,625,228,90,121
"848",848,420,1503,560,389,129,74,776,615,233,94,121
"849",849,249,1302,518,280,143,63,583,525,212,74,122
"850",850,313,1364,522,331,149,67,660,582,219,79,122
"851",851,369,1365,512,357,152,75,687,618,231,91,122
"852",852,307,1380,532,316,154,64,662,592,214,87,122
"853",853,312,1384,533,323,152,65,684,625,221,82,122
"854",854,302,1387,545,319,149,67,661,593,213,89,122
"855",855,320,1394,555,331,150,64,685,598,229,78,122
"856",856,326,1414,526,331,146,69,677,603,217,90,122
"857",857,311,1426,539,322,143,68,643,577,214,83,122
"858",858,308,1445,526,334,163,67,660,598,231,81,122
"859",859,350,1483,525,335,166,70,717,626,228,81,122
"860",860,366,1496,549,344,165,71,725,630,241,93,122
"861",861,423,1501,518,359,162,75,731,704,234,88,122
"862",862,260,1332,538,308,141,64,621,537,209,81,123
"863",863,290,1361,519,320,140,66,653,538,203,77,123
"864",864,313,1362,519,311,142,63,660,578,211,83,123
"865",865,428,1384,535,345,146,66,709,764,232,91,123
"866",866,279,1390,539,310,162,71,609,533,222,82,123
"867",867,295,1390,505,311,154,64,633,575,218,74,123
"868",868,301,1391,502,332,159,70,604,532,225,92,123
"869",869,341,1400,498,347,157,73,684,575,230,87,123
"870",870,363,1417,531,333,158,63,674,613,227,87,123
"871",871,352,1426,519,332,150,72,692,603,220,86,123
"872",872,363,1451,543,346,159,75,697,621,232,85,123
"873",873,516,1481,554,390,164,74,828,763,232,87,123
"874",874,396,1353,516,360,149,66,749,725,218,90,124
"875",875,300,1366,525,298,145,66,608,582,216,87,124
"876",876,305,1402,493,316,155,66,649,583,221,85,124
"877",877,385,1414,539,360,158,70,736,640,228,87,124
"878",878,294,1434,548,313,150,70,649,566,221,82,124
"879",879,362,1477,540,361,168,71,697,616,235,86,124
"880",880,454,1590,521,380,164,73,792,676,238,90,124
"881",881,357,1410,565,334,145,68,720,668,208,87,125
"882",882,327,1419,533,332,156,65,662,582,221,76,125
"883",883,465,1433,540,424,153,70,852,773,216,89,125
"884",884,319,1443,525,316,157,72,678,540,219,85,125
"885",885,337,1451,530,341,162,71,685,576,230,86,125
"886",886,316,1329,519,318,148,70,676,584,209,75,126
"887",887,297,1347,513,314,142,64,637,563,206,78,126
"888",888,387,1359,520,347,151,68,758,652,228,92,126
"889",889,334,1379,546,340,146,64,703,665,209,86,126
"890",890,334,1403,519,330,156,75,705,605,224,87,126
"891",891,354,1412,530,332,153,69,696,651,215,82,126
"892",892,382,1445,522,343,156,73,716,663,224,90,126
"893",893,390,1453,557,336,161,69,676,667,221,91,126
"894",894,608,1566,530,429,174,76,881,832,241,98,126
"895",895,320,1365,512,334,139,63,664,599,200,79,127
"896",896,311,1379,503,323,148,67,704,605,226,83,127
"897",897,340,1409,523,326,152,61,647,596,213,84,127
"898",898,365,1411,530,340,156,70,724,620,223,87,127
"899",899,383,1459,539,348,162,77,736,667,235,84,127
"900",900,334,1485,541,327,152,71,664,571,225,89,127
"901",901,407,1488,547,350,168,75,722,575,232,90,127
"902",902,342,1491,518,337,158,70,690,574,231,87,127
"903",903,408,1524,545,349,165,76,721,623,235,87,127
"904",904,443,1550,540,379,175,71,733,653,247,88,127
"905",905,460,1567,573,380,142,86,755,681,248,94,127
"906",906,207,1220,490,274,133,59,540,487,182,68,128
"907",907,276,1292,522,306,135,60,666,628,204,74,128
"908",908,309,1331,500,309,145,63,631,619,202,83,128
"909",909,267,1331,507,297,143,65,597,529,192,74,128
"910",910,285,1333,511,308,151,60,613,602,204,85,128
"911",911,305,1351,496,321,147,67,663,618,214,86,128
"912",912,298,1359,521,299,159,62,657,560,216,79,128
"913",913,341,1360,529,352,150,67,650,589,214,81,128
"914",914,334,1369,530,348,153,70,728,620,218,89,128
"915",915,288,1407,497,322,152,67,659,578,224,78,128
"916",916,289,1408,522,314,145,69,627,516,210,73,128
"917",917,331,1440,519,337,159,68,677,590,220,82,128
"918",918,493,1482,518,395,175,74,821,796,240,87,128
"919",919,364,1485,513,340,166,73,704,605,233,88,128
"920",920,417,1533,538,368,161,70,748,690,226,83,128
"921",921,230,1335,486,292,142,63,570,513,198,77,129
"922",922,302,1411,520,322,156,68,663,542,217,83,129
"923",923,445,1433,534,363,155,71,780,735,232,82,129
"924",924,409,1453,537,338,146,78,706,690,221,84,129
"925",925,392,1462,510,349,158,74,724,662,221,82,129
"926",926,345,1469,531,324,168,74,675,568,234,86,129
"927",927,402,1490,540,353,152,74,749,646,230,91,129
"928",928,396,1508,521,346,177,78,715,631,253,97,129
"929",929,483,1516,542,373,172,78,768,712,237,92,129
"930",930,568,1528,544,417,178,81,890,861,235,88,129
"931",931,382,1606,540,327,175,73,723,609,236,84,129
"932",932,288,1324,558,313,141,64,653,571,208,79,130
"933",933,315,1330,529,353,152,67,692,601,212,77,130
"934",934,250,1347,494,301,132,64,620,528,194,73,130
"935",935,250,1364,504,304,145,64,618,543,217,80,130
"936",936,324,1366,502,325,143,65,652,599,212,77,130
"937",937,328,1385,539,320,154,68,671,602,225,85,130
"938",938,314,1415,506,342,157,67,675,603,231,82,130
"939",939,353,1421,562,333,151,63,698,595,218,85,130
"940",940,345,1506,536,337,163,68,655,600,235,78,130
"941",941,533,1520,537,389,188,84,809,682,243,108,130
"942",942,432,1524,545,348,166,73,725,673,235,91,130
"943",943,548,1563,568,418,174,79,821,702,256,100,130
"944",944,603,1563,559,416,165,74,914,864,222,94,130
"945",945,238,1263,489,309,140,61,622,564,192,72,131
"946",946,315,1346,521,340,153,65,700,597,216,84,131
"947",947,417,1377,541,383,148,67,715,700,215,82,131
"948",948,381,1405,516,328,158,71,680,582,222,85,131
"949",949,324,1422,503,328,153,71,658,591,222,91,131
"950",950,403,1422,505,358,153,65,733,697,215,83,131
"951",951,368,1425,516,349,157,73,713,645,219,85,131
"952",952,310,1426,526,324,150,68,646,558,221,87,131
"953",953,400,1455,548,350,152,69,770,679,214,81,131
"954",954,288,1464,499,305,147,66,615,544,215,82,131
"955",955,359,1540,525,355,163,74,713,663,221,88,131
"956",956,332,1380,499,340,155,60,719,638,219,82,132
"957",957,309,1410,536,317,149,62,690,593,216,81,132
"958",958,351,1437,555,346,162,70,705,621,221,84,132
"959",959,355,1441,519,342,165,75,689,587,245,89,132
"960",960,320,1444,510,339,151,66,678,582,221,75,132
"961",961,393,1469,537,361,162,74,732,674,234,87,132
"962",962,414,1499,582,350,169,72,732,633,232,77,132
"963",963,478,1520,524,367,170,72,788,710,244,92,132
"964",964,302,1336,518,309,151,72,642,577,214,81,133
"965",965,375,1383,528,329,148,64,724,707,215,82,133
"966",966,375,1401,532,344,163,72,737,661,215,84,133
"967",967,289,1411,521,334,147,65,688,575,209,77,133
"968",968,391,1415,521,344,153,68,727,682,235,86,133
"969",969,602,1417,545,419,159,70,872,923,222,86,133
"970",970,413,1448,552,345,157,77,735,644,228,90,133
"971",971,321,1475,517,324,157,70,681,629,226,76,133
"972",972,558,1527,521,385,169,75,827,792,251,96,133
"973",973,455,1530,528,375,161,74,781,708,225,96,133
"974",974,327,1343,533,334,157,65,686,632,215,85,134
"975",975,336,1350,551,328,146,68,694,591,200,90,134
"976",976,353,1378,526,341,157,70,688,595,222,88,134
"977",977,309,1383,522,315,143,62,665,593,205,78,134
"978",978,344,1413,535,340,142,66,685,591,211,77,134
"979",979,324,1435,506,317,157,72,666,559,224,87,134
"980",980,318,1435,519,324,147,65,658,599,229,75,134
"981",981,393,1445,531,362,160,70,722,639,225,78,134
"982",982,390,1473,529,348,157,67,686,698,223,80,134
"983",983,549,1484,573,407,167,74,868,878,229,92,134
"984",984,369,1489,535,337,160,70,685,646,225,90,134
"985",985,389,1515,536,344,167,72,726,660,231,89,134
"986",986,295,1373,512,322,147,62,615,596,220,76,135
"987",987,360,1405,533,362,146,67,713,681,226,84,135
"988",988,363,1426,530,332,151,68,706,581,205,83,135
"989",989,273,1442,516,307,162,73,616,530,223,74,135
"990",990,317,1448,504,327,149,66,666,575,207,76,135
"991",991,415,1454,531,347,154,67,707,709,212,98,135
"992",992,373,1458,524,349,162,66,700,612,223,77,135
"993",993,393,1470,528,349,154,70,721,657,217,88,135
"994",994,424,1473,511,354,153,83,736,698,223,102,135
"995",995,449,1497,547,365,163,73,779,640,218,87,135
"996",996,453,1497,563,374,167,77,767,710,243,93,135
"997",997,659,1509,563,460,164,75,961,899,252,96,135
"998",998,251,1321,504,294,146,69,632,541,208,84,136
"999",999,294,1334,518,319,150,59,618,609,208,78,136
"1000",1000,305,1335,521,317,149,65,647,576,216,84,136
"1001",1001,332,1361,543,317,140,66,715,580,210,86,136
"1002",1002,343,1397,522,327,139,64,705,638,204,77,136
"1003",1003,339,1403,531,323,160,72,687,576,213,82,136
"1004",1004,265,1426,513,314,148,67,656,577,223,82,136
"1005",1005,306,1438,520,311,145,63,642,568,216,73,136
"1006",1006,323,1459,510,334,162,74,681,568,211,91,136
"1007",1007,364,1494,531,328,167,70,727,605,232,87,136
"1008",1008,352,1498,538,326,154,73,691,577,230,95,136
"1009",1009,352,1548,509,326,163,72,689,596,246,89,136
"1010",1010,505,1581,529,392,168,74,808,786,238,94,136
"1011",1011,800,1602,550,472,175,77,1025,951,227,98,136
"1012",1012,368,1480,529,345,164,74,683,606,245,92,137
"1013",1013,339,1486,531,362,158,68,692,615,217,82,137
"1014",1014,466,1489,559,380,164,79,771,662,245,92,137
"1015",1015,526,1508,552,420,165,71,818,760,241,90,137
"1016",1016,392,1528,535,366,164,71,734,644,226,82,137
"1017",1017,381,1544,530,337,155,78,684,587,240,89,137
"1018",1018,420,1544,551,370,171,75,699,640,232,88,137
"1019",1019,448,1550,542,388,175,77,749,699,256,101,137
"1020",1020,508,1611,580,390,185,77,835,686,250,93,137
"1021",1021,278,1372,532,321,153,69,655,547,212,79,138
"1022",1022,312,1380,538,324,144,71,710,615,218,83,138
"1023",1023,312,1381,531,316,145,64,662,588,210,81,138
"1024",1024,336,1382,520,335,152,71,674,610,223,88,138
"1025",1025,333,1398,511,343,152,69,733,608,212,78,138
"1026",1026,281,1410,525,316,141,66,688,572,208,76,138
"1027",1027,338,1415,540,317,147,67,662,567,220,81,138
"1028",1028,483,1451,521,386,168,70,830,744,228,91,138
"1029",1029,364,1484,534,342,160,74,713,619,225,86,138
"1030",1030,405,1490,530,367,170,74,746,654,226,83,138
"1031",1031,500,1503,524,388,150,76,842,773,235,95,138
"1032",1032,425,1554,547,374,163,76,743,647,233,97,138
"1033",1033,284,1368,512,333,144,63,652,566,218,77,139
"1034",1034,332,1418,485,303,157,67,634,610,228,88,139
"1035",1035,334,1421,505,310,155,68,639,555,225,83,139
"1036",1036,369,1466,542,343,158,74,696,588,228,80,139
"1037",1037,391,1476,525,359,182,73,723,646,240,84,139
"1038",1038,366,1491,554,325,160,75,673,609,238,88,139
"1039",1039,354,1513,528,325,173,75,694,612,235,93,139
"1040",1040,472,1538,518,371,168,78,777,682,233,93,139
"1041",1041,470,1561,529,389,172,78,750,668,245,89,139
"1042",1042,446,1580,555,366,180,77,778,718,233,90,139
"1043",1043,515,1590,562,392,169,73,819,738,236,84,139
"1044",1044,324,1363,524,324,147,64,635,555,211,70,140
"1045",1045,294,1372,533,322,149,64,673,558,212,72,140
"1046",1046,355,1409,527,337,146,66,681,662,217,73,140
"1047",1047,350,1417,516,343,152,60,707,611,214,79,140
"1048",1048,492,1421,544,384,158,67,822,783,227,81,140
"1049",1049,512,1439,522,399,156,68,878,852,215,87,140
"1050",1050,400,1505,535,345,164,75,713,589,225,88,140
"1051",1051,436,1508,518,349,160,67,769,728,219,81,140
"1052",1052,431,1513,512,353,158,75,740,649,233,91,140
"1053",1053,526,1669,545,360,175,75,784,630,242,96,140
"1054",1054,303,1395,504,320,147,65,644,585,217,82,141
"1055",1055,329,1442,529,333,154,65,684,578,214,78,141
"1056",1056,376,1483,525,352,163,76,732,642,225,87,141
"1057",1057,595,1508,537,394,158,79,845,843,230,94,141
"1058",1058,408,1547,538,360,168,73,758,612,244,92,141
"1059",1059,312,1376,532,332,151,65,672,585,210,83,142
"1060",1060,293,1417,510,317,155,68,666,570,223,80,142
"1061",1061,353,1420,526,363,155,69,729,625,222,86,142
"1062",1062,333,1462,519,328,161,77,648,585,227,80,142
"1063",1063,393,1472,528,351,163,73,726,629,230,95,142
"1064",1064,433,1490,526,374,165,71,750,681,249,89,142
"1065",1065,450,1504,537,365,163,67,780,767,230,91,142
"1066",1066,407,1533,532,354,169,71,806,712,247,91,142
"1067",1067,428,1546,532,349,170,74,751,653,240,94,142
"1068",1068,470,1551,555,385,174,78,784,644,235,96,142
"1069",1069,649,1567,553,416,174,79,861,843,248,97,142
"1070",1070,395,1570,515,338,174,73,737,614,234,93,142
"1071",1071,514,1690,564,381,175,79,823,664,249,95,142
"1072",1072,322,1374,505,330,150,65,678,644,218,81,143
"1073",1073,433,1451,529,358,141,70,725,649,225,92,143
"1074",1074,355,1456,532,327,159,72,679,594,219,86,143
"1075",1075,326,1456,528,314,162,65,641,562,227,80,143
"1076",1076,352,1459,543,332,160,69,680,594,233,86,143
"1077",1077,355,1480,516,345,151,72,713,647,228,84,143
"1078",1078,386,1493,551,340,164,75,715,638,226,94,143
"1079",1079,425,1494,533,386,156,79,786,696,232,94,143
"1080",1080,399,1516,528,362,161,75,725,625,240,86,143
"1081",1081,373,1519,507,340,158,70,691,662,227,89,143
"1082",1082,401,1521,538,343,171,70,705,676,244,83,143
"1083",1083,458,1547,547,373,175,78,734,730,245,98,143
"1084",1084,475,1552,520,402,175,81,792,784,246,96,143
"1085",1085,385,1560,515,351,166,71,742,640,237,91,143
"1086",1086,317,1469,528,322,157,69,693,581,228,85,144
"1087",1087,348,1489,500,313,161,70,647,581,209,86,144
"1088",1088,474,1492,522,387,161,75,810,763,245,95,144
"1089",1089,525,1529,551,388,164,75,787,681,225,91,144
"1090",1090,430,1544,555,366,153,67,746,605,222,87,144
"1091",1091,459,1553,545,374,176,74,757,658,244,97,144
"1092",1092,576,1554,524,403,161,67,849,799,245,91,144
"1093",1093,424,1599,539,338,181,73,744,665,250,88,144
"1094",1094,261,1375,496,296,155,70,625,534,221,79,145
"1095",1095,280,1385,523,306,148,73,618,511,213,89,145
"1096",1096,295,1397,531,298,152,65,658,593,209,79,145
"1097",1097,371,1422,536,354,160,69,692,641,225,90,145
"1098",1098,298,1425,519,320,154,67,675,604,214,81,145
"1099",1099,400,1505,555,353,175,75,725,662,235,84,145
"1100",1100,496,1520,566,425,171,77,869,783,260,91,145
"1101",1101,422,1522,521,377,160,73,771,678,232,88,145
"1102",1102,365,1533,530,341,166,73,681,592,243,90,145
"1103",1103,459,1537,539,348,168,74,726,611,234,85,145
"1104",1104,494,1558,550,378,170,74,763,721,229,88,145
"1105",1105,549,1595,530,408,169,72,847,702,237,87,145
"1106",1106,485,1599,534,381,185,79,766,701,249,92,145
"1107",1107,367,1478,514,331,161,71,670,613,230,88,146
"1108",1108,357,1488,522,335,167,73,698,603,228,89,146
"1109",1109,341,1493,550,329,157,68,697,587,223,87,146
"1110",1110,545,1506,542,393,162,67,898,903,245,90,146
"1111",1111,433,1507,551,368,167,70,775,689,224,83,146
"1112",1112,396,1512,515,353,167,75,739,638,235,93,146
"1113",1113,623,1517,547,400,161,76,868,891,239,97,146
"1114",1114,527,1540,542,359,164,69,829,731,229,94,146
"1115",1115,584,1542,561,450,170,75,846,842,250,95,146
"1116",1116,440,1552,558,362,177,79,731,677,239,85,146
"1117",1117,323,1437,522,323,154,65,667,606,217,80,147
"1118",1118,447,1469,541,390,163,77,784,703,234,91,147
"1119",1119,327,1490,510,317,158,71,671,554,231,87,147
"1120",1120,366,1492,518,340,173,72,714,597,232,85,147
"1121",1121,427,1494,570,379,167,73,775,673,232,89,147
"1122",1122,408,1511,559,367,163,73,742,624,235,87,147
"1123",1123,508,1522,554,377,177,75,795,732,235,88,147
"1124",1124,441,1552,549,357,164,73,745,639,229,92,147
"1125",1125,384,1572,555,344,174,72,681,618,245,85,147
"1126",1126,267,1354,497,307,152,65,650,572,213,82,148
"1127",1127,327,1415,525,318,161,70,648,576,217,88,148
"1128",1128,396,1437,515,349,163,72,731,660,231,85,148
"1129",1129,441,1438,536,365,156,73,767,700,225,88,148
"1130",1130,378,1458,536,345,152,67,717,603,214,81,148
"1131",1131,420,1482,537,359,164,73,740,703,225,85,148
"1132",1132,392,1483,545,347,177,71,716,609,239,87,148
"1133",1133,388,1501,538,361,169,74,739,605,238,82,148
"1134",1134,359,1528,547,355,160,73,712,612,234,82,148
"1135",1135,410,1556,530,382,172,77,767,611,233,94,148
"1136",1136,493,1601,533,385,165,74,812,679,231,88,148
"1137",1137,273,1333,511,304,150,65,631,524,198,75,149
"1138",1138,320,1449,521,336,166,66,649,578,231,84,149
"1139",1139,357,1467,532,334,151,73,693,586,214,78,149
"1140",1140,424,1476,531,370,161,68,751,629,225,89,149
"1141",1141,480,1506,547,361,169,80,779,692,236,95,149
"1142",1142,329,1526,495,332,157,70,650,547,218,87,149
"1143",1143,420,1572,536,349,168,76,711,632,236,87,149
"1144",1144,525,1574,515,374,164,74,828,725,251,90,149
"1145",1145,410,1589,523,355,171,74,731,615,234,79,149
"1146",1146,452,1600,536,346,177,73,722,653,232,90,149
"1147",1147,517,1643,530,366,168,79,760,664,235,91,149
"1148",1148,533,1666,522,380,197,78,805,692,272,96,149
"1149",1149,308,1404,497,331,157,73,676,622,207,75,150
"1150",1150,374,1469,524,340,163,69,694,662,230,81,150
"1151",1151,542,1494,515,398,155,73,839,761,215,89,150
"1152",1152,447,1532,550,367,170,74,800,666,246,88,150
"1153",1153,469,1539,537,370,174,76,760,664,242,85,150
"1154",1154,462,1543,535,382,173,82,780,758,251,100,150
"1155",1155,484,1563,600,395,176,77,799,695,241,94,150
"1156",1156,478,1565,534,364,174,82,745,677,224,94,150
"1157",1157,416,1574,551,341,176,77,730,675,245,93,150
"1158",1158,535,1598,548,379,169,79,779,626,223,98,150
"1159",1159,553,1608,552,401,177,78,809,742,245,90,150
"1160",1160,466,1608,549,387,165,67,795,662,242,88,150
"1161",1161,304,1361,511,323,150,64,662,602,212,80,151
"1162",1162,368,1446,509,344,154,69,710,649,214,85,151
"1163",1163,374,1456,525,349,168,65,710,576,235,79,151
"1164",1164,361,1456,513,323,164,72,684,609,225,84,151
"1165",1165,392,1476,534,360,167,75,752,665,233,86,151
"1166",1166,441,1500,526,355,162,73,729,687,237,96,151
"1167",1167,374,1514,559,331,171,71,703,610,233,98,151
"1168",1168,358,1526,538,373,159,77,715,641,236,90,151
"1169",1169,433,1535,526,365,170,72,765,641,234,89,151
"1170",1170,501,1554,575,377,174,80,819,709,237,92,151
"1171",1171,446,1556,538,361,168,70,748,727,235,89,151
"1172",1172,433,1569,542,361,162,70,748,656,226,92,151
"1173",1173,410,1572,529,347,173,76,708,642,240,90,151
"1174",1174,477,1597,572,339,169,77,762,634,242,90,151
"1175",1175,437,1622,545,352,176,73,738,665,244,93,151
"1176",1176,554,1658,547,371,179,77,797,671,255,95,151
"1177",1177,341,1399,508,356,157,70,713,646,216,90,152
"1178",1178,371,1447,506,369,147,73,727,626,213,88,152
"1179",1179,392,1466,531,350,158,76,702,634,224,87,152
"1180",1180,483,1468,528,359,156,70,778,732,232,93,152
"1181",1181,432,1515,514,363,171,80,724,612,238,92,152
"1182",1182,508,1561,565,395,175,74,814,699,234,89,152
"1183",1183,400,1563,522,347,154,80,700,570,225,89,152
"1184",1184,438,1576,525,373,179,82,747,632,237,93,152
"1185",1185,414,1578,547,358,163,68,722,617,224,86,152
"1186",1186,546,1584,546,397,168,75,821,771,228,87,152
"1187",1187,541,1591,530,403,169,76,804,760,242,90,152
"1188",1188,530,1616,543,378,183,77,790,691,259,99,152
"1189",1189,561,1634,555,385,169,77,814,711,239,87,152
"1190",1190,540,1656,516,391,176,76,804,682,241,97,152
"1191",1191,416,1439,529,384,162,72,738,761,233,93,153
"1192",1192,523,1502,536,384,155,80,800,755,221,95,153
"1193",1193,406,1506,528,361,172,71,749,641,245,81,153
"1194",1194,371,1512,536,338,185,79,688,622,261,86,153
"1195",1195,483,1539,545,349,155,65,732,649,230,84,153
"1196",1196,414,1546,536,367,172,77,765,641,232,84,153
"1197",1197,564,1560,545,423,167,68,874,767,232,89,153
"1198",1198,432,1576,547,391,169,82,746,644,235,92,153
"1199",1199,522,1583,557,377,171,80,800,670,246,97,153
"1200",1200,508,1599,521,378,168,76,761,714,223,96,153
"1201",1201,462,1620,550,387,184,79,765,678,251,100,153
"1202",1202,324,1407,504,329,161,70,685,617,216,84,154
"1203",1203,350,1451,510,338,161,79,702,603,219,87,154
"1204",1204,349,1455,524,355,161,72,710,633,215,83,154
"1205",1205,415,1480,543,366,174,77,746,659,226,86,154
"1206",1206,554,1495,542,393,168,74,859,799,231,94,154
"1207",1207,345,1500,522,331,159,72,680,648,224,74,154
"1208",1208,409,1505,539,351,169,75,714,633,234,85,154
"1209",1209,449,1538,520,377,174,70,788,670,235,86,154
"1210",1210,535,1556,534,399,169,77,781,659,246,95,154
"1211",1211,453,1572,532,385,174,75,802,648,235,92,154
"1212",1212,429,1586,528,363,178,77,743,669,243,91,154
"1213",1213,520,1590,512,390,158,67,803,692,235,90,154
"1214",1214,500,1602,533,391,174,78,804,658,241,87,154
"1215",1215,472,1617,540,380,172,75,771,662,238,91,154
"1216",1216,498,1625,556,356,176,77,743,693,243,92,154
"1217",1217,616,1636,555,410,183,77,846,756,265,94,154
"1218",1218,462,1645,535,380,177,81,788,677,239,99,154
"1219",1219,598,1646,552,398,184,76,854,762,250,95,154
"1220",1220,382,1406,518,349,151,66,720,648,216,84,155
"1221",1221,370,1493,504,341,157,71,689,569,239,86,155
"1222",1222,340,1498,531,344,155,66,662,616,222,83,155
"1223",1223,403,1551,511,362,169,75,733,629,248,85,155
"1224",1224,421,1559,530,340,163,70,699,612,229,87,155
"1225",1225,432,1575,535,366,172,79,740,633,238,92,155
"1226",1226,453,1578,529,373,173,79,769,643,231,89,155
"1227",1227,431,1583,552,370,168,72,771,664,239,92,155
"1228",1228,697,1595,536,414,164,77,878,868,224,85,155
"1229",1229,575,1624,545,392,173,73,858,692,223,91,155
"1230",1230,473,1636,549,368,183,78,767,667,251,95,155
"1231",1231,524,1667,563,387,192,78,776,643,265,88,155
"1232",1232,669,1696,543,413,179,78,861,802,250,95,155
"1233",1233,327,1401,526,338,154,74,704,564,218,83,156
"1234",1234,406,1450,537,372,159,73,804,628,229,89,156
"1235",1235,446,1500,551,383,156,77,772,660,229,89,156
"1236",1236,406,1515,532,345,172,73,738,619,211,92,156
"1237",1237,378,1530,521,373,164,72,722,632,226,85,156
"1238",1238,472,1540,549,368,160,74,739,718,219,85,156
"1239",1239,389,1543,528,371,179,74,730,619,246,92,156
"1240",1240,540,1556,538,403,175,80,815,705,245,99,156
"1241",1241,466,1568,549,367,168,75,742,706,228,87,156
"1242",1242,567,1591,559,366,173,72,789,725,239,90,156
"1243",1243,483,1622,538,389,177,79,763,652,245,104,156
"1244",1244,469,1634,552,367,177,81,781,689,237,94,156
"1245",1245,265,1341,481,305,148,72,606,530,211,85,157
"1246",1246,389,1473,519,342,162,67,757,617,218,86,157
"1247",1247,393,1508,555,358,152,68,735,649,222,79,157
"1248",1248,396,1510,522,336,159,75,723,657,226,96,157
"1249",1249,423,1526,541,380,158,76,765,628,234,89,157
"1250",1250,473,1535,536,378,158,66,801,650,222,88,157
"1251",1251,403,1536,512,339,164,70,742,636,232,83,157
"1252",1252,430,1546,533,377,173,75,758,674,248,92,157
"1253",1253,429,1564,524,365,180,82,748,660,236,91,157
"1254",1254,503,1576,531,379,173,77,785,680,241,97,157
"1255",1255,670,1602,577,417,169,82,891,784,248,101,157
"1256",1256,527,1651,543,397,183,79,808,710,248,92,157
"1257",1257,428,1689,532,353,201,77,745,575,256,93,157
"1258",1258,374,1474,516,335,159,71,712,644,215,89,158
"1259",1259,411,1479,526,373,170,73,777,673,224,87,158
"1260",1260,385,1510,508,377,157,67,735,632,216,81,158
"1261",1261,418,1545,551,349,166,69,708,710,233,88,158
"1262",1262,532,1577,563,381,176,74,801,716,252,96,158
"1263",1263,433,1602,539,366,168,78,753,585,231,88,158
"1264",1264,530,1604,533,404,176,76,800,733,236,82,158
"1265",1265,540,1659,559,402,189,82,798,695,257,103,158
"1266",1266,317,1422,508,325,151,70,679,578,212,82,159
"1267",1267,494,1483,515,388,163,74,804,721,215,86,159
"1268",1268,449,1501,539,374,151,68,759,623,215,82,159
"1269",1269,718,1531,575,400,187,84,888,831,259,104,159
"1270",1270,445,1545,535,371,162,63,743,680,219,79,159
"1271",1271,514,1550,556,377,170,78,812,708,227,89,159
"1272",1272,491,1558,531,389,158,73,777,711,220,93,159
"1273",1273,558,1568,552,402,163,78,821,725,228,102,159
"1274",1274,500,1585,533,365,169,74,777,637,232,96,159
"1275",1275,432,1601,540,367,171,76,763,605,240,89,159
"1276",1276,557,1603,540,391,182,78,816,720,232,87,159
"1277",1277,569,1607,569,392,172,76,838,760,237,89,159
"1278",1278,439,1610,533,361,171,73,732,615,238,89,159
"1279",1279,512,1660,546,373,178,80,754,645,241,94,159
"1280",1280,560,1667,534,387,185,78,802,706,253,96,159
"1281",1281,371,1461,542,340,161,73,720,610,243,90,160
"1282",1282,400,1468,512,353,159,75,711,652,232,96,160
"1283",1283,402,1497,548,335,168,79,688,608,234,86,160
"1284",1284,491,1533,539,391,178,82,809,695,233,87,160
"1285",1285,408,1538,561,346,170,76,737,614,244,90,160
"1286",1286,385,1547,525,342,167,70,696,648,223,88,160
"1287",1287,400,1547,559,342,170,73,702,619,234,95,160
"1288",1288,493,1551,546,393,165,72,819,729,227,88,160
"1289",1289,461,1584,539,359,166,74,759,657,228,90,160
"1290",1290,448,1602,530,377,167,76,777,670,238,92,160
"1291",1291,449,1608,538,358,170,70,741,656,234,88,160
"1292",1292,405,1635,556,351,170,75,669,611,238,92,160
"1293",1293,571,1657,558,392,177,77,829,661,251,97,160
"1294",1294,434,1473,546,359,150,71,755,700,223,94,161
"1295",1295,455,1533,521,343,168,79,747,627,237,90,161
"1296",1296,452,1581,543,367,169,77,764,648,241,97,161
"1297",1297,661,1611,562,407,172,75,848,829,233,92,161
"1298",1298,434,1630,536,356,170,70,738,633,229,92,161
"1299",1299,547,1651,558,403,185,77,826,756,254,94,161
"1300",1300,506,1696,549,345,187,75,759,657,254,94,161
"1301",1301,384,1354,508,369,165,72,767,719,213,78,162
"1302",1302,461,1466,542,357,172,77,728,622,241,96,162
"1303",1303,351,1493,538,389,159,77,728,641,235,89,162
"1304",1304,440,1502,550,360,159,74,782,644,234,89,162
"1305",1305,350,1509,502,334,169,76,747,617,225,80,162
"1306",1306,391,1512,504,338,172,76,701,639,219,96,162
"1307",1307,397,1552,529,346,160,73,699,606,219,85,162
"1308",1308,420,1567,542,357,176,75,788,635,232,90,162
"1309",1309,439,1577,545,383,168,74,742,678,232,87,162
"1310",1310,519,1611,567,353,180,81,760,753,240,97,162
"1311",1311,544,1628,541,383,169,74,804,740,226,94,162
"1312",1312,530,1639,560,398,175,76,778,674,256,101,162
"1313",1313,556,1647,532,393,178,77,825,694,243,97,162
"1314",1314,452,1690,520,373,183,81,736,686,253,79,162
"1315",1315,463,1522,559,368,168,75,767,634,232,98,163
"1316",1316,349,1550,536,355,166,69,682,577,235,86,163
"1317",1317,490,1554,550,362,159,72,790,690,241,97,163
"1318",1318,415,1573,530,359,166,75,709,640,238,91,163
"1319",1319,430,1573,532,371,167,72,709,629,224,80,163
"1320",1320,489,1597,528,363,167,76,729,693,240,91,163
"1321",1321,565,1603,510,381,168,76,821,718,238,92,163
"1322",1322,447,1626,533,341,177,70,722,644,231,87,163
"1323",1323,575,1661,570,362,175,82,792,710,239,97,163
"1324",1324,414,1684,521,339,169,77,727,629,247,83,163
"1325",1325,398,1459,530,344,163,71,732,652,218,86,164
"1326",1326,429,1471,540,363,162,73,765,685,209,84,164
"1327",1327,365,1514,530,373,163,72,733,621,230,87,164
"1328",1328,424,1518,531,346,153,67,717,665,216,80,164
"1329",1329,446,1572,521,347,176,75,735,673,230,84,164
"1330",1330,499,1578,532,396,173,78,775,664,250,102,164
"1331",1331,507,1580,551,392,175,75,805,738,235,88,164
"1332",1332,457,1581,535,359,167,71,749,611,236,92,164
"1333",1333,423,1585,536,343,168,71,705,645,237,86,164
"1334",1334,529,1587,549,388,170,78,839,704,236,86,164
"1335",1335,508,1615,539,373,169,76,781,729,236,93,164
"1336",1336,600,1671,557,403,182,79,829,807,246,94,164
"1337",1337,628,1681,544,405,175,77,822,780,246,95,164
"1338",1338,659,1685,573,424,188,82,870,784,244,98,164
"1339",1339,526,1697,531,397,190,82,799,753,269,103,164
"1340",1340,442,1475,542,379,157,71,845,666,214,83,165
"1341",1341,539,1500,559,396,168,74,841,803,229,92,165
"1342",1342,392,1510,532,346,167,70,704,618,242,91,165
"1343",1343,487,1554,522,375,161,71,811,689,224,95,165
"1344",1344,504,1555,537,378,178,81,789,662,232,93,165
"1345",1345,423,1577,551,351,167,80,713,630,246,91,165
"1346",1346,408,1589,546,364,167,71,734,627,233,85,165
"1347",1347,575,1593,521,424,168,72,880,728,234,94,165
"1348",1348,622,1675,540,427,168,77,866,717,244,96,165
"1349",1349,378,1485,540,361,164,75,692,626,227,89,166
"1350",1350,427,1536,533,356,165,66,727,623,237,83,166
"1351",1351,420,1552,532,368,155,70,753,665,228,84,166
"1352",1352,519,1586,516,387,169,74,786,681,238,96,166
"1353",1353,450,1610,533,365,173,69,755,623,231,79,166
"1354",1354,378,1438,542,337,159,70,728,615,219,79,167
"1355",1355,498,1544,520,403,172,72,800,732,233,94,167
"1356",1356,710,1598,574,421,174,78,882,937,261,98,167
"1357",1357,438,1613,530,363,194,82,744,635,259,100,167
"1358",1358,558,1618,549,402,182,80,859,723,243,98,167
"1359",1359,493,1644,544,379,172,71,804,726,231,93,167
"1360",1360,581,1688,544,381,184,69,790,717,253,96,167
"1361",1361,460,1490,543,362,166,74,780,641,239,95,168
"1362",1362,507,1497,520,366,154,70,793,798,235,93,168
"1363",1363,490,1515,553,409,167,77,868,675,222,90,168
"1364",1364,369,1536,556,354,181,79,680,579,243,91,168
"1365",1365,568,1568,562,396,172,77,830,724,232,94,168
"1366",1366,509,1580,527,387,172,76,855,701,232,88,168
"1367",1367,387,1580,546,333,156,68,711,574,234,89,168
"1368",1368,456,1596,549,357,165,73,758,633,231,93,168
"1369",1369,448,1607,538,372,174,78,732,615,242,87,168
"1370",1370,542,1607,551,424,182,79,873,722,266,72,168
"1371",1371,511,1611,539,378,172,76,787,748,237,89,168
"1372",1372,551,1595,535,376,173,77,756,722,250,99,169
"1373",1373,430,1601,547,379,170,71,763,648,221,84,169
"1374",1374,527,1652,538,371,184,79,803,675,247,89,169
"1375",1375,596,1655,531,406,178,79,878,716,241,99,169
"1376",1376,492,1669,537,392,184,80,810,659,244,94,169
"1377",1377,676,1743,559,464,184,80,915,931,260,99,169
"1378",1378,453,1519,541,357,159,73,730,672,222,89,170
"1379",1379,585,1579,558,416,171,76,840,747,232,97,170
"1380",1380,564,1581,546,410,170,74,804,746,239,89,170
"1381",1381,631,1593,527,420,163,75,833,816,227,95,170
"1382",1382,420,1596,534,374,163,74,726,636,230,90,170
"1383",1383,600,1625,545,395,162,72,821,712,234,92,170
"1384",1384,492,1631,556,364,169,71,769,621,245,91,170
"1385",1385,517,1638,566,377,166,72,752,670,230,89,170
"1386",1386,473,1553,521,370,165,72,772,703,239,83,171
"1387",1387,488,1561,530,377,161,72,772,680,206,85,171
"1388",1388,530,1564,562,423,189,78,845,734,261,100,171
"1389",1389,680,1597,529,419,178,80,866,876,243,91,171
"1390",1390,520,1635,544,391,168,73,808,741,234,88,171
"1391",1391,530,1641,552,383,171,74,826,675,233,87,171
"1392",1392,643,1647,554,396,161,74,853,744,230,96,171
"1393",1393,593,1662,536,420,174,74,861,770,241,93,171
"1394",1394,519,1691,555,374,182,75,786,693,241,88,171
"1395",1395,600,1717,552,416,179,82,846,707,245,103,171
"1396",1396,360,1464,532,352,164,66,665,618,220,88,172
"1397",1397,468,1505,541,374,146,68,788,699,226,87,172
"1398",1398,421,1576,543,354,160,76,725,588,221,87,172
"1399",1399,510,1582,556,393,163,70,823,719,223,92,172
"1400",1400,495,1592,570,383,181,82,836,657,255,101,172
"1401",1401,381,1594,528,348,171,75,727,583,232,86,172
"1402",1402,662,1650,551,426,180,78,894,814,235,97,172
"1403",1403,674,1681,538,410,169,80,908,814,248,95,172
"1404",1404,446,1468,534,407,162,70,803,723,216,82,173
"1405",1405,373,1484,514,349,157,67,734,580,219,84,173
"1406",1406,523,1492,533,407,169,75,835,873,233,85,173
"1407",1407,559,1495,544,396,158,69,822,778,233,94,173
"1408",1408,392,1532,536,352,166,78,708,610,216,85,173
"1409",1409,447,1537,516,362,154,69,731,668,227,82,173
"1410",1410,476,1555,545,372,173,77,802,692,232,93,173
"1411",1411,501,1645,536,400,176,80,768,650,244,104,173
"1412",1412,485,1661,526,354,171,79,768,688,231,88,173
"1413",1413,640,1729,562,405,176,79,851,751,256,91,173
"1414",1414,671,1731,578,426,196,82,847,766,270,100,173
"1415",1415,403,1516,521,382,166,72,767,665,227,84,174
"1416",1416,461,1536,511,402,169,71,794,698,226,89,174
"1417",1417,556,1559,581,395,167,83,842,725,230,94,174
"1418",1418,588,1578,530,381,175,77,789,751,242,92,174
"1419",1419,541,1581,543,400,169,76,826,699,241,91,174
"1420",1420,519,1611,566,388,171,76,826,649,232,96,174
"1421",1421,465,1616,529,350,166,75,773,648,236,87,174
"1422",1422,533,1626,554,414,170,74,832,689,234,91,174
"1423",1423,600,1627,540,407,175,76,839,777,231,92,174
"1424",1424,517,1644,529,399,160,73,830,689,227,85,174
"1425",1425,542,1679,535,392,177,71,829,724,241,90,174
"1426",1426,582,1816,550,385,189,80,825,710,260,95,174
"1427",1427,485,1560,543,385,177,70,770,621,235,88,175
"1428",1428,510,1579,543,385,176,79,836,705,240,94,175
"1429",1429,589,1579,553,410,168,79,841,781,228,98,175
"1430",1430,476,1597,534,358,169,71,763,640,226,82,175
"1431",1431,410,1601,562,372,175,71,762,623,242,90,175
"1432",1432,574,1649,531,387,172,77,798,693,237,96,175
"1433",1433,540,1692,516,383,188,74,737,700,274,102,175
"1434",1434,599,1709,596,389,189,72,830,760,275,91,175
"1435",1435,406,1587,536,364,178,73,727,597,248,87,176
"1436",1436,490,1587,553,377,184,80,791,681,246,97,176
"1437",1437,445,1592,550,372,163,74,750,650,226,87,176
"1438",1438,680,1619,563,429,181,78,861,743,250,98,176
"1439",1439,577,1654,549,414,176,75,833,713,238,86,176
"1440",1440,593,1668,552,404,186,79,798,728,251,91,176
"1441",1441,482,1696,535,363,180,76,762,660,244,83,176
"1442",1442,617,1696,551,410,172,71,842,801,232,87,176
"1443",1443,443,1506,532,374,152,73,730,655,220,85,177
"1444",1444,447,1537,551,390,167,74,813,604,223,86,177
"1445",1445,485,1543,553,362,165,69,792,666,225,84,177
"1446",1446,482,1591,531,374,167,73,762,627,232,87,177
"1447",1447,483,1598,523,352,166,75,738,644,233,92,177
"1448",1448,505,1601,532,395,167,79,854,669,236,94,177
"1449",1449,510,1607,552,403,183,72,811,696,259,95,177
"1450",1450,417,1611,521,361,163,72,750,674,230,82,177
"1451",1451,427,1622,552,356,171,75,740,631,238,87,177
"1452",1452,535,1630,561,386,180,78,809,719,239,98,177
"1453",1453,492,1680,524,365,178,77,749,646,246,95,177
"1454",1454,543,1682,544,403,173,79,799,684,246,92,177
"1455",1455,519,1691,561,383,174,73,765,680,225,83,177
"1456",1456,591,1504,568,410,163,73,861,830,214,89,178
"1457",1457,431,1515,534,378,159,67,737,643,228,81,178
"1458",1458,400,1539,535,340,162,69,690,626,220,87,178
"1459",1459,555,1579,547,413,171,77,849,735,238,94,178
"1460",1460,525,1590,545,391,169,79,801,694,253,98,178
"1461",1461,691,1620,539,439,158,79,915,774,220,92,178
"1462",1462,596,1634,586,396,171,80,828,755,238,95,178
"1463",1463,559,1668,527,406,179,77,795,685,234,84,178
"1464",1464,587,1678,548,387,175,78,832,729,244,94,178
"1465",1465,583,1701,540,403,195,75,886,746,267,92,178
"1466",1466,521,1719,565,398,183,75,809,717,248,89,178
"1467",1467,490,1542,505,374,157,75,775,684,213,93,179
"1468",1468,472,1620,554,395,167,75,804,673,232,89,179
"1469",1469,631,1628,573,421,177,73,890,791,236,92,179
"1470",1470,488,1633,516,376,168,74,764,730,238,82,179
"1471",1471,577,1656,558,394,172,81,826,738,250,99,179
"1472",1472,642,1751,580,430,191,80,871,760,264,100,179
"1473",1473,595,1786,581,392,182,77,830,722,260,99,179
"1474",1474,327,1432,512,337,157,66,708,597,203,79,180
"1475",1475,543,1599,539,402,182,78,830,723,254,88,180
"1476",1476,399,1604,514,344,169,67,743,660,225,83,180
"1477",1477,560,1646,549,396,170,71,843,787,241,92,180
"1478",1478,567,1669,560,398,175,74,786,765,242,91,180
"1479",1479,645,1713,532,409,184,79,844,768,241,101,180
"1480",1480,459,1717,531,376,175,74,760,628,233,88,180
"1481",1481,654,1722,605,424,197,79,825,730,271,109,180
"1482",1482,525,1548,538,382,178,77,807,698,231,87,181
"1483",1483,604,1557,570,412,172,74,855,737,239,91,181
"1484",1484,477,1592,536,381,166,77,774,665,218,95,181
"1485",1485,538,1594,528,384,162,71,806,708,227,90,181
"1486",1486,502,1613,540,400,166,77,825,693,230,84,181
"1487",1487,513,1624,531,407,172,72,766,727,229,80,181
"1488",1488,910,1643,541,474,184,84,1074,1003,248,104,181
"1489",1489,632,1676,528,417,180,73,832,725,249,98,181
"1490",1490,568,1708,533,381,180,79,792,672,245,98,181
"1491",1491,646,1722,562,429,195,81,891,763,249,95,181
"1492",1492,581,1728,526,396,183,74,792,695,256,91,181
"1493",1493,529,1562,524,393,158,74,793,744,223,91,182
"1494",1494,694,1566,526,473,170,78,932,846,232,88,182
"1495",1495,553,1576,524,397,165,79,774,679,225,101,182
"1496",1496,525,1597,545,409,172,73,824,682,241,94,182
"1497",1497,613,1604,533,450,177,77,907,790,244,96,182
"1498",1498,524,1643,537,413,173,70,845,682,238,86,182
"1499",1499,600,1658,524,405,176,77,862,739,245,95,182
"1500",1500,567,1667,548,403,168,75,837,721,240,90,182
"1501",1501,563,1537,548,418,162,73,870,795,231,95,183
"1502",1502,579,1538,545,423,167,80,858,770,227,94,183
"1503",1503,500,1540,531,397,166,74,801,637,226,88,183
"1504",1504,450,1550,521,370,170,75,791,617,232,89,183
"1505",1505,430,1554,531,369,179,75,732,589,241,85,183
"1506",1506,404,1567,518,352,166,73,724,615,233,83,183
"1507",1507,557,1569,523,404,161,73,825,722,231,91,183
"1508",1508,567,1610,550,409,183,75,828,664,250,92,183
"1509",1509,485,1615,521,374,169,76,775,668,228,86,183
"1510",1510,494,1636,547,391,173,72,774,704,232,90,183
"1511",1511,474,1638,552,376,178,75,796,668,240,89,183
"1512",1512,546,1640,539,391,164,72,794,698,238,93,183
"1513",1513,678,1648,550,407,184,86,859,775,245,102,183
"1514",1514,470,1662,532,366,170,79,739,646,236,88,183
"1515",1515,666,1675,543,414,167,76,847,748,233,98,183
"1516",1516,552,1680,546,396,180,78,819,696,253,103,183
"1517",1517,647,1766,565,381,187,80,805,724,263,108,183
"1518",1518,424,1512,527,360,159,70,757,664,213,87,184
"1519",1519,477,1527,528,377,152,72,763,692,224,83,184
"1520",1520,400,1548,546,345,177,75,752,667,242,82,184
"1521",1521,435,1570,533,384,169,75,790,700,240,88,184
"1522",1522,547,1577,533,386,172,72,810,825,233,94,184
"1523",1523,668,1583,567,425,164,77,874,857,221,92,184
"1524",1524,448,1598,542,375,171,69,776,664,225,83,184
"1525",1525,497,1608,541,398,171,69,841,718,229,81,184
"1526",1526,469,1612,563,381,181,71,748,658,251,95,184
"1527",1527,523,1636,541,399,177,72,795,666,229,85,184
"1528",1528,537,1638,538,365,173,72,777,737,229,93,184
"1529",1529,763,1765,564,433,190,77,913,903,269,90,184
"1530",1530,494,1541,536,395,163,68,803,641,234,89,185
"1531",1531,449,1583,552,369,168,73,798,635,227,88,185
"1532",1532,558,1589,539,387,172,75,792,725,232,84,185
"1533",1533,524,1591,564,377,183,84,826,708,240,96,185
"1534",1534,723,1603,531,406,184,77,875,842,257,96,185
"1535",1535,515,1610,528,382,176,75,828,680,225,90,185
"1536",1536,522,1621,525,385,178,78,825,760,242,90,185
"1537",1537,552,1622,562,418,189,79,857,719,263,96,185
"1538",1538,502,1626,537,402,171,74,783,695,253,91,185
"1539",1539,551,1649,552,399,176,76,802,690,239,89,185
"1540",1540,582,1659,555,392,171,74,828,685,231,95,185
"1541",1541,593,1661,554,405,177,79,827,720,249,100,185
"1542",1542,541,1789,550,388,186,80,802,669,249,87,185
"1543",1543,414,1503,507,355,162,70,719,690,216,82,186
"1544",1544,520,1541,542,420,162,74,828,721,222,93,186
"1545",1545,523,1568,554,390,169,74,814,706,237,91,186
"1546",1546,529,1595,554,393,183,76,843,676,249,93,186
"1547",1547,544,1611,520,418,172,74,819,704,244,97,186
"1548",1548,525,1644,565,392,176,80,818,711,249,98,186
"1549",1549,517,1658,530,393,168,77,796,675,239,93,186
"1550",1550,684,1682,552,435,170,74,886,764,236,93,186
"1551",1551,706,1795,572,433,184,82,909,773,265,101,186
"1552",1552,449,1471,524,374,169,77,779,686,231,87,187
"1553",1553,486,1573,540,383,162,79,790,644,231,92,187
"1554",1554,567,1579,561,395,167,81,857,751,226,98,187
"1555",1555,423,1585,531,362,174,69,748,643,239,84,187
"1556",1556,498,1591,531,372,168,77,756,666,218,99,187
"1557",1557,592,1643,526,409,169,77,843,720,229,90,187
"1558",1558,421,1538,526,347,168,70,765,684,221,80,188
"1559",1559,500,1542,534,371,163,77,771,653,227,93,188
"1560",1560,465,1548,560,411,171,73,850,731,225,87,188
"1561",1561,582,1548,541,347,158,75,743,649,224,84,188
"1562",1562,507,1577,529,406,163,71,766,704,216,83,188
"1563",1563,520,1594,516,383,163,77,805,661,220,84,188
"1564",1564,508,1612,539,380,173,80,807,641,230,90,188
"1565",1565,535,1623,542,378,163,74,794,705,228,94,188
"1566",1566,601,1636,537,399,173,74,818,709,233,101,188
"1567",1567,482,1661,525,408,177,76,782,710,247,96,188
"1568",1568,479,1524,545,384,160,75,782,707,224,90,189
"1569",1569,477,1532,557,391,167,73,824,697,243,94,189
"1570",1570,466,1572,543,369,155,67,766,611,217,92,189
"1571",1571,598,1602,532,420,180,80,888,772,241,93,189
"1572",1572,572,1605,533,395,168,73,825,738,229,90,189
"1573",1573,712,1633,571,419,172,77,916,793,243,95,189
"1574",1574,588,1638,542,391,187,77,838,736,256,95,189
"1575",1575,612,1678,564,420,179,86,883,816,243,97,189
"1576",1576,623,1702,563,421,175,79,862,771,234,95,189
"1577",1577,554,1719,550,387,174,75,813,702,239,91,189
"1578",1578,528,1552,544,386,174,74,819,746,231,88,190
"1579",1579,469,1568,522,364,160,68,731,682,225,81,190
"1580",1580,531,1590,529,401,178,80,820,719,240,87,190
"1581",1581,652,1595,528,408,175,70,869,855,249,91,190
"1582",1582,561,1617,530,393,173,78,830,716,233,93,190
"1583",1583,741,1666,554,449,168,82,969,836,236,105,190
"1584",1584,584,1680,549,416,152,80,863,779,242,91,190
"1585",1585,535,1681,524,393,184,76,814,711,240,88,190
"1586",1586,684,1689,551,420,174,82,857,729,242,99,190
"1587",1587,589,1597,546,426,175,83,855,730,238,96,191
"1588",1588,511,1606,525,379,169,78,786,694,233,92,191
"1589",1589,577,1607,557,391,173,76,824,716,239,98,191
"1590",1590,524,1612,544,390,178,79,777,717,236,94,191
"1591",1591,496,1669,544,375,164,66,799,663,239,88,191
"1592",1592,421,1559,527,348,155,69,733,597,214,86,192
"1593",1593,506,1592,530,373,154,70,762,657,226,88,192
"1594",1594,480,1612,523,377,165,69,776,708,223,90,192
"1595",1595,497,1613,526,350,174,72,756,673,233,86,192
"1596",1596,748,1627,559,473,174,71,1036,1054,235,92,192
"1597",1597,475,1633,532,396,182,73,755,685,240,86,192
"1598",1598,565,1697,544,372,183,72,795,745,249,96,192
"1599",1599,460,1530,528,356,170,71,779,688,228,89,193
"1600",1600,561,1540,535,384,172,78,859,777,227,97,193
"1601",1601,452,1562,565,389,172,77,827,665,236,91,193
"1602",1602,572,1594,564,394,165,77,829,734,233,93,193
"1603",1603,516,1635,540,400,171,74,817,701,234,92,193
"1604",1604,496,1651,544,364,165,72,763,700,234,85,193
"1605",1605,565,1691,546,389,175,74,795,692,232,91,193
"1606",1606,520,1565,525,409,154,69,818,699,221,84,194
"1607",1607,464,1568,520,376,169,70,765,710,224,105,194
"1608",1608,508,1583,525,392,169,76,789,627,230,98,194
"1609",1609,608,1591,567,426,169,70,878,761,228,92,194
"1610",1610,580,1599,549,410,170,79,841,761,240,86,194
"1611",1611,506,1623,540,391,161,76,795,682,255,84,194
"1612",1612,566,1726,541,391,174,74,820,698,250,96,194
"1613",1613,463,1535,517,374,169,69,780,679,224,85,195
"1614",1614,501,1579,529,401,179,77,798,680,265,92,195
"1615",1615,635,1629,571,405,171,76,841,765,240,90,195
"1616",1616,546,1634,544,391,159,67,818,756,212,90,195
"1617",1617,537,1651,544,383,166,77,827,678,238,89,195
"1618",1618,678,1653,538,403,178,77,853,861,245,99,195
"1619",1619,677,1693,573,410,182,72,856,866,271,98,195
"1620",1620,613,1700,562,402,173,78,863,677,269,96,195
"1621",1621,581,1709,568,375,187,80,812,654,248,90,195
"1622",1622,682,1739,563,429,209,82,885,734,276,100,195
"1623",1623,625,1583,566,421,168,73,869,755,234,94,196
"1624",1624,513,1591,524,404,172,74,808,735,232,97,196
"1625",1625,431,1602,550,372,172,69,766,655,248,88,196
"1626",1626,725,1629,577,446,180,74,904,880,249,87,196
"1627",1627,555,1654,537,383,172,82,804,716,253,102,196
"1628",1628,550,1694,541,400,180,75,815,695,258,93,196
"1629",1629,678,1724,538,430,178,85,907,830,249,94,196
"1630",1630,655,1730,551,434,176,77,863,714,261,94,196
"1631",1631,437,1574,534,379,176,81,737,630,237,92,197
"1632",1632,492,1594,540,393,175,72,797,678,229,87,197
"1633",1633,492,1604,557,393,172,76,783,680,237,90,197
"1634",1634,507,1635,523,388,183,79,813,624,234,96,197
"1635",1635,589,1685,563,427,174,82,867,718,244,93,197
"1636",1636,670,1760,557,423,194,87,875,840,256,100,197
"1637",1637,492,1575,544,392,157,69,825,673,227,94,198
"1638",1638,560,1590,562,420,162,72,875,715,225,91,198
"1639",1639,552,1599,558,398,159,73,802,689,222,84,198
"1640",1640,570,1605,516,397,167,70,844,775,221,87,198
"1641",1641,490,1621,555,404,177,71,806,709,235,90,198
"1642",1642,506,1633,544,387,188,74,776,667,248,92,198
"1643",1643,543,1644,560,392,178,82,841,732,242,96,198
"1644",1644,533,1692,551,364,174,68,766,749,241,87,198
"1645",1645,537,1552,516,413,166,72,832,738,221,84,199
"1646",1646,448,1568,511,386,158,75,756,669,224,86,199
"1647",1647,576,1577,539,393,165,72,823,767,225,91,199
"1648",1648,481,1588,587,386,177,77,812,700,245,93,199
"1649",1649,530,1635,552,418,173,77,840,672,244,100,199
"1650",1650,651,1639,546,403,170,75,856,738,222,94,199
"1651",1651,500,1644,542,372,175,74,769,706,234,89,199
"1652",1652,625,1672,551,398,174,80,874,749,243,92,199
"1653",1653,642,1678,530,418,175,77,853,689,248,99,199
"1654",1654,841,1732,551,462,186,87,955,868,263,98,199
"1655",1655,470,1493,540,373,156,72,821,642,216,83,200
"1656",1656,476,1579,546,377,169,75,783,661,218,84,200
"1657",1657,528,1584,548,388,173,82,852,703,241,93,200
"1658",1658,550,1625,550,390,179,77,783,684,231,98,200
"1659",1659,544,1633,565,425,174,72,821,729,223,86,200
"1660",1660,796,1651,568,481,183,81,948,922,256,98,200
"1661",1661,513,1662,563,372,181,77,808,655,253,88,200
"1662",1662,553,1691,537,388,177,81,805,658,240,93,200
"1663",1663,605,1693,584,419,187,78,828,765,259,89,200
"1664",1664,574,1756,550,400,182,83,800,705,250,91,200
"1665",1665,506,1526,521,392,169,74,771,667,234,93,201
"1666",1666,504,1550,531,386,168,75,786,705,228,91,201
"1667",1667,533,1605,556,396,169,81,802,710,229,91,201
"1668",1668,635,1609,546,473,177,76,872,810,247,91,201
"1669",1669,531,1621,553,358,174,75,774,687,235,89,201
"1670",1670,714,1634,554,439,178,80,953,782,244,99,201
"1671",1671,420,1524,521,358,154,72,729,640,221,81,202
"1672",1672,494,1537,547,372,158,75,797,699,221,90,202
"1673",1673,734,1555,535,417,172,79,878,910,229,83,202
"1674",1674,502,1614,522,388,165,71,789,715,237,85,202
"1675",1675,532,1644,532,404,170,77,853,678,235,83,202
"1676",1676,405,1536,545,380,162,71,825,700,225,84,203
"1677",1677,483,1568,538,375,166,70,799,674,224,87,203
"1678",1678,646,1592,549,426,167,77,889,775,227,85,203
"1679",1679,489,1597,537,391,163,75,796,679,219,85,203
"1680",1680,572,1614,559,398,181,75,821,728,238,98,203
"1681",1681,714,1626,557,436,172,73,889,889,234,89,203
"1682",1682,566,1627,532,402,174,81,852,706,228,90,203
"1683",1683,767,1631,563,443,171,86,920,853,241,107,203
"1684",1684,561,1651,536,391,169,74,829,730,237,91,203
"1685",1685,746,1652,572,440,180,84,916,915,248,94,203
"1686",1686,651,1666,560,433,182,84,930,731,247,106,203
"1687",1687,582,1697,536,389,179,79,800,795,250,95,203
"1688",1688,518,1697,548,374,166,73,743,641,243,87,203
"1689",1689,590,1705,562,402,182,78,852,745,241,90,203
"1690",1690,617,1725,546,437,184,74,873,843,248,88,203
"1691",1691,656,1729,561,420,183,75,864,760,244,95,203
"1692",1692,533,1588,575,382,171,75,804,685,261,85,204
"1693",1693,414,1600,525,356,161,67,706,632,225,82,204
"1694",1694,528,1621,540,401,179,84,818,696,245,101,204
"1695",1695,539,1663,568,380,171,73,767,658,244,94,204
"1696",1696,535,1675,530,401,167,75,798,680,225,83,204
"1697",1697,599,1694,559,417,173,76,804,763,257,88,204
"1698",1698,488,1546,543,377,159,77,779,700,228,89,205
"1699",1699,558,1592,526,385,171,72,789,742,224,92,205
"1700",1700,455,1601,541,364,169,72,787,614,226,95,205
"1701",1701,532,1609,536,390,175,71,809,653,229,87,205
"1702",1702,567,1642,549,403,177,81,880,658,231,93,205
"1703",1703,600,1703,525,391,170,82,820,671,233,93,205
"1704",1704,600,1725,570,407,174,70,833,764,244,94,205
"1705",1705,492,1740,538,394,168,71,810,603,243,91,205
"1706",1706,512,1569,548,404,168,78,830,715,233,87,206
"1707",1707,590,1629,554,415,169,76,832,756,245,84,206
"1708",1708,803,1630,550,480,177,81,983,1010,240,96,206
"1709",1709,652,1635,602,425,149,76,846,865,239,92,206
"1710",1710,503,1638,557,395,172,72,824,665,235,89,206
"1711",1711,601,1644,568,437,171,77,870,721,233,91,206
"1712",1712,539,1649,544,376,170,77,794,656,235,93,206
"1713",1713,574,1657,540,424,181,79,845,751,258,90,206
"1714",1714,551,1687,546,397,176,70,806,715,249,89,206
"1715",1715,572,1696,541,397,169,77,859,762,244,92,206
"1716",1716,624,1697,550,417,179,78,825,743,244,94,206
"1717",1717,721,1777,545,423,183,79,914,774,258,99,206
"1718",1718,587,1542,551,407,170,74,892,761,230,89,207
"1719",1719,480,1553,537,378,164,72,777,672,228,89,207
"1720",1720,469,1558,530,356,173,81,769,630,237,97,207
"1721",1721,512,1565,516,416,162,73,822,695,230,86,207
"1722",1722,529,1577,552,407,162,75,860,680,229,97,207
"1723",1723,489,1586,531,381,164,69,792,684,230,90,207
"1724",1724,481,1591,560,387,176,71,818,664,230,90,207
"1725",1725,581,1616,546,416,160,72,847,724,220,84,207
"1726",1726,532,1659,541,417,184,88,873,685,244,100,207
"1727",1727,709,1677,579,426,144,77,903,800,232,96,207
"1728",1728,542,1508,542,400,157,70,835,727,221,87,208
"1729",1729,557,1516,540,396,163,77,840,749,230,84,208
"1730",1730,535,1516,545,398,165,68,864,716,218,86,208
"1731",1731,490,1572,536,374,176,73,799,650,229,87,208
"1732",1732,549,1619,585,401,175,77,840,678,239,93,208
"1733",1733,474,1620,551,380,165,74,773,630,236,83,208
"1734",1734,525,1639,557,385,171,74,804,634,236,93,208
"1735",1735,549,1648,549,407,175,72,852,693,235,85,208
"1736",1736,781,1654,546,461,177,78,958,937,250,91,208
"1737",1737,602,1657,544,409,178,69,855,711,241,90,208
"1738",1738,630,1681,544,407,176,74,870,747,242,89,208
"1739",1739,580,1705,553,385,186,79,777,769,247,91,208
"1740",1740,364,1491,506,343,152,68,707,647,215,80,209
"1741",1741,411,1549,528,375,175,67,721,674,231,78,209
"1742",1742,416,1571,535,380,164,74,775,657,220,91,209
"1743",1743,516,1578,564,395,173,74,804,766,235,82,209
"1744",1744,476,1606,529,386,158,74,789,666,222,91,209
"1745",1745,578,1623,545,383,170,71,793,821,234,87,209
"1746",1746,503,1659,557,409,182,68,820,662,247,91,209
"1747",1747,533,1663,545,377,166,71,771,631,230,85,209
"1748",1748,476,1665,536,376,177,74,775,679,230,89,209
"1749",1749,578,1666,551,385,185,77,816,746,251,94,209
"1750",1750,629,1677,535,419,183,79,878,798,263,101,209
"1751",1751,538,1595,544,405,156,73,843,642,219,88,210
"1752",1752,517,1596,540,391,165,72,824,701,222,84,210
"1753",1753,463,1609,536,372,171,68,765,693,222,87,210
"1754",1754,569,1636,536,405,176,73,821,736,242,94,210
"1755",1755,624,1641,553,410,170,77,857,705,243,92,210
"1756",1756,654,1656,570,427,180,77,911,802,237,99,210
"1757",1757,433,1513,525,371,161,66,757,631,223,78,211
"1758",1758,520,1524,582,421,175,79,773,694,246,95,211
"1759",1759,476,1601,542,392,168,76,809,678,236,88,211
"1760",1760,520,1617,533,399,165,79,804,718,222,90,211
"1761",1761,496,1623,512,366,171,79,792,662,233,94,211
"1762",1762,568,1627,542,412,162,73,859,742,225,95,211
"1763",1763,730,1813,554,433,190,80,905,823,259,95,211
"1764",1764,479,1590,546,385,174,74,787,698,242,89,212
"1765",1765,552,1634,534,381,158,73,773,629,231,86,212
"1766",1766,623,1639,525,393,175,80,856,824,230,86,212
"1767",1767,537,1640,556,407,179,72,831,702,251,96,212
"1768",1768,509,1671,560,394,180,79,820,660,242,90,212
"1769",1769,503,1671,535,376,175,74,800,757,246,90,212
"1770",1770,760,1705,537,437,180,81,950,814,239,94,212
"1771",1771,501,1553,533,374,175,77,792,690,238,89,213
"1772",1772,414,1607,532,361,161,71,722,602,215,82,213
"1773",1773,536,1612,530,379,173,77,792,729,229,89,213
"1774",1774,514,1635,542,391,179,81,824,689,238,94,213
"1775",1775,567,1635,579,399,168,79,841,699,239,90,213
"1776",1776,619,1665,541,409,176,79,858,693,229,99,213
"1777",1777,504,1694,513,385,178,79,776,685,227,96,213
"1778",1778,640,1770,551,403,187,84,859,761,272,95,213
"1779",1779,447,1574,547,367,167,68,750,721,231,100,214
"1780",1780,637,1585,558,415,169,78,879,716,234,94,214
"1781",1781,579,1604,537,415,167,75,838,738,226,88,214
"1782",1782,566,1624,535,398,169,78,845,666,236,97,214
"1783",1783,536,1630,533,382,168,76,821,694,234,99,214
"1784",1784,575,1653,554,404,170,76,868,757,233,91,214
"1785",1785,542,1656,552,407,174,80,816,683,244,94,214
"1786",1786,728,1681,547,421,178,78,859,777,251,105,214
"1787",1787,551,1605,557,391,182,76,848,774,237,88,215
"1788",1788,717,1640,562,450,176,78,935,815,242,90,215
"1789",1789,647,1737,565,412,178,78,890,800,245,96,215
"1790",1790,495,1543,546,408,176,72,763,683,235,85,216
"1791",1791,528,1567,546,396,177,77,804,707,268,116,216
"1792",1792,445,1600,518,376,155,68,750,665,227,87,216
"1793",1793,543,1641,525,393,168,76,773,667,232,87,216
"1794",1794,537,1652,548,378,169,78,778,673,236,89,216
"1795",1795,539,1720,545,370,184,74,859,658,250,89,216
"1796",1796,600,1732,544,396,186,79,840,777,246,101,216
"1797",1797,457,1499,532,375,155,70,796,673,208,80,217
"1798",1798,497,1538,526,401,172,80,832,712,240,96,217
"1799",1799,557,1575,550,396,168,72,834,740,234,90,217
"1800",1800,725,1649,559,442,176,77,938,854,240,89,217
"1801",1801,773,1676,552,442,180,82,964,943,244,101,218
"1802",1802,701,1712,544,413,186,83,831,726,269,99,219
"1803",1803,642,1603,553,419,175,77,860,821,242,88,220
"1804",1804,424,1642,541,376,164,69,783,677,239,95,220
"1805",1805,555,1673,544,393,171,75,830,679,239,97,220
"1806",1806,507,1588,530,384,161,76,813,638,230,87,221
"1807",1807,540,1661,548,398,176,71,797,702,238,96,221
"1808",1808,466,1543,536,388,169,70,803,711,227,87,222
"1809",1809,497,1577,531,402,178,76,833,718,219,84,222
"1810",1810,596,1663,534,410,172,79,847,738,246,90,222
"1811",1811,450,1586,546,387,167,72,815,661,237,92,223
"1812",1812,519,1572,557,406,168,73,854,693,222,84,224
"1813",1813,686,1704,548,422,184,76,855,806,238,91,224
"1814",1814,526,1675,536,376,162,72,785,601,241,91,230
